symbol,earnings_date,contrastive_connectives
A,2015-02-17,0.0
A,2015-08-17,0.0
A,2015-11-17,-2.0
A,2016-02-16,0.0
A,2016-05-16,-1.0
A,2016-08-17,0.0
A,2017-02-14,-1.0
A,2017-11-20,0.0
A,2020-05-21,-1.0
A,2020-08-18,0.0
A,2021-08-17,-2.0
A,2022-05-24,0.0
A,2023-05-23,-1.0
AAL,2019-04-26,0.0
AAL,2019-10-24,0.0
AAL,2021-10-21,0.0
AAL,2022-04-21,-2.0
AAP,2018-08-14,-1.0
AAP,2018-11-13,-1.0
AAP,2019-02-19,-1.0
AAP,2019-08-13,-1.0
AAP,2019-11-12,-1.0
AAP,2020-02-18,0.0
AAP,2020-11-10,-1.0
AAP,2023-02-28,-1.0
ABBV,2016-04-29,0.0
ABBV,2017-07-28,-1.0
ABBV,2023-02-09,-1.0
ABT,2015-01-29,0.0
ABT,2015-04-22,-1.0
ABT,2015-10-21,0.0
ABT,2023-07-19,0.0
ACGL,2015-02-11,0.0
ACGL,2015-04-29,-1.0
ACGL,2015-10-30,0.0
ACGL,2016-02-10,0.0
ACGL,2016-04-28,0.0
ACGL,2016-07-28,0.0
ACGL,2018-05-02,0.0
ACGL,2018-08-01,0.0
ACGL,2019-05-01,0.0
ACGL,2020-08-02,0.0
ACGL,2022-02-10,-2.0
ACGL,2023-10-31,0.0
ACN,2016-12-21,0.0
ACN,2017-12-21,-1.0
ACN,2018-03-22,-1.0
ACN,2022-06-23,0.0
ADBE,2015-03-17,0.0
ADBE,2018-12-13,0.0
ADBE,2023-03-15,0.0
ADI,2016-02-16,-2.0
ADI,2016-05-17,0.0
ADI,2019-02-19,-1.0
ADI,2019-05-21,-1.0
ADI,2020-02-18,0.0
ADM,2018-02-06,-1.0
ADM,2018-05-01,0.0
ADM,2019-10-31,0.0
ADM,2020-01-30,0.0
ADM,2020-07-31,0.0
ADM,2022-07-26,0.0
ADP,2015-04-30,-1.0
ADP,2018-10-31,-1.0
ADP,2019-05-01,-1.0
ADP,2019-10-30,-1.0
ADP,2020-01-29,-1.0
ADP,2021-01-27,-1.0
ADP,2021-10-27,0.0
ADP,2023-01-25,-1.0
ADSK,2017-08-24,0.0
ADSK,2018-08-23,-1.0
ADSK,2022-02-24,0.0
ADSK,2022-11-22,0.0
ADSK,2023-02-23,0.0
ADSK,2023-05-25,-1.0
ADSK,2023-11-21,0.0
AEE,2015-02-25,0.0
AEE,2016-02-19,0.0
AEE,2018-08-03,0.0
AEE,2021-05-11,0.0
AEE,2023-11-09,-1.0
AEP,2015-04-23,-1.0
AEP,2015-07-23,0.0
AEP,2017-04-27,-1.0
AEP,2017-07-27,0.0
AEP,2017-10-26,0.0
AEP,2020-02-20,0.0
AEP,2020-08-06,0.0
AEP,2021-04-22,0.0
AEP,2021-07-22,0.0
AEP,2021-10-28,0.0
AEP,2022-02-24,-1.0
AEP,2023-07-27,0.0
AES,2015-05-11,-1.0
AES,2019-11-06,-1.0
AFL,2015-07-29,0.0
AFL,2016-04-27,-1.0
AFL,2016-10-28,0.0
AFL,2017-02-01,-1.0
AFL,2017-04-28,0.0
AFL,2017-07-28,0.0
AFL,2017-10-26,-1.0
AFL,2018-04-26,-2.0
AFL,2019-02-01,0.0
AFL,2020-04-30,0.0
AFL,2020-07-29,-2.0
AFL,2020-10-28,-2.0
AFL,2021-04-29,-1.0
AFL,2021-10-28,-2.0
AFL,2022-04-28,-2.0
AFL,2022-08-02,-2.0
AFL,2022-11-01,-2.0
AFL,2023-02-02,0.0
AFL,2023-04-27,-1.0
AFL,2023-08-02,-2.0
AIG,2015-02-13,0.0
AIG,2015-05-01,0.0
AIG,2016-08-03,0.0
AIG,2017-05-04,0.0
AIG,2018-08-03,0.0
AIG,2019-02-14,0.0
AIG,2019-11-01,0.0
AIG,2020-11-06,0.0
AIG,2021-08-06,-2.0
AIG,2023-08-02,0.0
AIV,2016-02-05,0.0
AIV,2017-10-27,0.0
AIV,2018-11-02,0.0
AIV,2020-10-30,-1.0
AIZ,2016-10-26,0.0
AIZ,2017-02-08,0.0
AIZ,2017-05-03,0.0
AIZ,2018-08-08,0.0
AIZ,2019-08-07,0.0
AIZ,2020-02-12,0.0
AIZ,2021-11-03,-1.0
AIZ,2022-11-02,0.0
AIZ,2023-05-03,-1.0
AJG,2015-02-04,-1.0
AJG,2016-02-03,0.0
AJG,2016-04-29,0.0
AJG,2016-07-29,0.0
AJG,2016-10-28,0.0
AJG,2018-01-25,0.0
AJG,2018-07-27,0.0
AJG,2019-07-26,0.0
AJG,2021-01-28,0.0
AJG,2021-05-02,0.0
AJG,2021-10-28,0.0
AJG,2022-01-27,0.0
AKAM,2018-10-29,-2.0
AKAM,2022-05-03,0.0
ALB,2019-02-22,0.0
ALB,2021-11-04,-1.0
ALB,2023-08-03,-1.0
ALGN,2015-04-24,0.0
ALGN,2017-10-26,0.0
ALGN,2020-10-22,0.0
ALK,2017-02-08,-1.0
ALK,2018-01-25,0.0
ALK,2018-07-26,0.0
ALK,2019-07-25,0.0
ALK,2020-01-28,0.0
ALK,2020-05-05,0.0
ALK,2021-01-26,0.0
ALK,2023-01-26,0.0
ALL,2016-08-05,0.0
ALL,2017-02-02,-1.0
ALL,2018-08-02,-1.0
ALL,2019-10-30,0.0
ALL,2020-05-06,0.0
ALL,2021-08-05,0.0
ALL,2023-05-04,0.0
ALLE,2015-02-18,0.0
ALLE,2015-07-30,0.0
ALLE,2015-10-29,0.0
ALLE,2017-07-27,0.0
ALLE,2020-04-23,0.0
ALLE,2022-10-27,-1.0
AMAT,2020-05-14,0.0
AMAT,2021-11-18,0.0
AMAT,2022-11-17,0.0
AMD,2018-01-24,0.0
AMD,2018-10-24,0.0
AMD,2019-07-24,-2.0
AMD,2020-01-28,0.0
AMD,2020-07-30,0.0
AMD,2021-10-26,0.0
AMD,2022-08-02,0.0
AMD,2022-11-01,0.0
AMD,2023-10-31,0.0
AME,2016-04-30,0.0
AME,2018-02-01,0.0
AME,2020-05-05,0.0
AME,2021-02-04,0.0
AME,2021-08-03,0.0
AME,2022-05-03,-1.0
AMGN,2015-04-21,0.0
AMGN,2017-02-02,0.0
AMGN,2023-04-27,-2.0
AMT,2017-04-27,-1.0
ANET,2021-02-18,0.0
ANET,2021-05-04,-1.0
AON,2018-02-02,0.0
AON,2018-05-04,0.0
AON,2019-10-25,-1.0
AON,2020-07-31,0.0
APA,2018-05-03,-1.0
APA,2018-11-01,-1.0
APA,2019-02-28,-1.0
APA,2019-05-02,-1.0
APA,2019-08-01,-1.0
APA,2019-10-31,-1.0
APA,2021-05-06,-1.0
APA,2021-08-05,-1.0
APA,2021-11-04,-1.0
APA,2022-02-22,-1.0
APA,2022-08-04,-1.0
APA,2022-11-03,-1.0
APA,2023-02-23,-1.0
APA,2023-05-04,-1.0
APD,2015-05-01,-1.0
APD,2016-07-28,-1.0
APD,2020-01-24,0.0
APD,2021-08-09,-1.0
APD,2021-11-04,-1.0
APD,2022-08-04,-1.0
APH,2019-01-23,-1.0
APH,2020-04-22,-1.0
APH,2023-04-26,0.0
APO,2015-07-29,0.0
APO,2016-02-03,0.0
APO,2016-08-03,0.0
APO,2017-11-01,0.0
APO,2018-08-02,-1.0
APO,2018-10-31,-1.0
APO,2019-01-31,-1.0
APO,2022-05-05,0.0
APTV,2017-08-02,0.0
APTV,2019-05-02,0.0
APTV,2019-10-30,0.0
APTV,2021-11-04,-1.0
APTV,2023-05-04,0.0
ARE,2015-02-03,0.0
ARE,2015-04-28,0.0
ARE,2015-07-28,0.0
ARE,2015-11-04,0.0
ARE,2016-02-03,0.0
ARE,2016-05-04,0.0
ARE,2016-08-02,0.0
ARE,2016-11-02,0.0
ARE,2017-02-01,0.0
ARE,2017-05-03,0.0
ARE,2017-08-01,0.0
ARE,2017-11-01,0.0
ARE,2018-01-31,0.0
ARE,2020-07-27,0.0
ARE,2020-10-27,0.0
ARE,2021-02-02,0.0
ARE,2022-02-01,0.0
ATO,2015-08-06,0.0
ATO,2017-02-08,0.0
ATO,2017-05-06,0.0
AVB,2015-04-28,-1.0
AVB,2016-07-26,0.0
AVB,2018-02-01,-1.0
AVY,2015-04-29,-1.0
AVY,2015-07-29,0.0
AVY,2016-10-26,0.0
AVY,2017-10-25,-1.0
AVY,2018-07-24,0.0
AVY,2018-10-23,-1.0
AVY,2019-07-23,0.0
AVY,2019-10-23,-1.0
AVY,2020-04-29,-1.0
AVY,2021-07-28,-1.0
AVY,2021-10-27,-1.0
AVY,2022-04-26,0.0
AWK,2016-11-03,0.0
AWK,2017-05-04,0.0
AWK,2017-11-02,0.0
AWK,2018-02-21,0.0
AWK,2018-05-03,0.0
AWK,2019-08-01,0.0
AWK,2019-10-31,-1.0
AWK,2020-02-19,0.0
AWK,2020-05-07,0.0
AWK,2020-08-06,0.0
AWK,2021-05-04,0.0
AWK,2021-08-03,0.0
AWK,2022-07-28,0.0
AWK,2022-11-01,0.0
AWK,2023-07-27,0.0
AXP,2015-01-21,0.0
AXP,2015-04-16,0.0
AXP,2015-10-22,0.0
AXP,2016-04-21,0.0
AXP,2016-07-21,0.0
AXP,2016-10-19,0.0
AXP,2017-01-19,0.0
AXP,2017-04-19,0.0
AXP,2017-07-19,0.0
AXP,2018-01-18,0.0
AXP,2018-04-18,0.0
AXP,2018-07-18,0.0
AXP,2022-04-22,-1.0
AXP,2023-07-21,-1.0
AZO,2015-03-03,0.0
AZO,2015-09-22,0.0
AZO,2015-12-08,-1.0
AZO,2016-03-01,-1.0
AZO,2016-05-24,0.0
AZO,2016-09-22,0.0
AZO,2016-12-06,0.0
AZO,2017-02-28,0.0
AZO,2017-05-23,0.0
AZO,2017-09-19,0.0
AZO,2017-12-05,0.0
AZO,2018-02-27,0.0
AZO,2018-05-22,-1.0
AZO,2018-09-18,0.0
AZO,2018-12-04,0.0
AZO,2019-02-26,0.0
AZO,2019-05-21,0.0
AZO,2019-09-24,0.0
AZO,2019-12-10,0.0
AZO,2020-05-26,0.0
AZO,2020-09-22,0.0
AZO,2020-12-08,0.0
AZO,2021-05-25,0.0
AZO,2021-09-21,0.0
AZO,2023-12-05,0.0
BA,2019-01-30,-1.0
BA,2021-07-28,0.0
BA,2023-10-25,0.0
BAX,2015-01-29,-1.0
BAX,2015-04-23,-1.0
BAX,2015-07-30,0.0
BAX,2016-07-26,-1.0
BAX,2017-07-26,-1.0
BAX,2019-10-24,0.0
BAX,2023-07-27,0.0
BBY,2015-03-03,-1.0
BBY,2020-08-25,-1.0
BBY,2021-05-27,0.0
BBY,2021-11-23,0.0
BBY,2023-03-02,0.0
BEN,2016-02-03,0.0
BEN,2017-01-27,0.0
BEN,2017-10-27,-1.0
BEN,2018-01-30,-1.0
BEN,2019-01-30,0.0
BEN,2019-04-26,0.0
BEN,2019-07-30,0.0
BEN,2019-10-25,0.0
BEN,2020-04-30,-1.0
BEN,2020-07-28,-2.0
BEN,2021-02-02,0.0
BEN,2021-11-01,0.0
BEN,2022-07-28,-1.0
BEN,2023-01-30,-1.0
BEN,2023-07-28,0.0
BG,2015-04-30,0.0
BG,2016-05-01,0.0
BG,2016-11-02,0.0
BG,2018-05-02,0.0
BG,2018-10-31,0.0
BG,2019-02-21,0.0
BG,2019-07-31,0.0
BG,2019-10-30,0.0
BG,2020-02-12,-1.0
BG,2020-10-28,0.0
BIIB,2019-10-22,0.0
BIO,2016-08-03,0.0
BIO,2017-08-03,0.0
BIO,2018-08-07,0.0
BIO,2020-05-06,0.0
BIO,2020-10-30,0.0
BIO,2021-07-29,0.0
BIO,2022-02-10,0.0
BK,2015-01-24,-1.0
BK,2015-04-22,0.0
BK,2015-07-21,0.0
BK,2016-07-21,0.0
BK,2016-10-20,0.0
BK,2017-01-19,0.0
BK,2017-04-20,0.0
BK,2017-07-20,0.0
BK,2018-04-19,0.0
BK,2018-10-18,0.0
BK,2019-01-16,0.0
BK,2019-04-17,0.0
BK,2019-07-17,0.0
BK,2020-04-16,0.0
BK,2020-07-15,0.0
BK,2020-10-16,0.0
BK,2021-10-19,0.0
BKNG,2015-02-20,0.0
BKNG,2017-02-27,0.0
BKNG,2017-08-08,0.0
BKNG,2018-08-09,0.0
BKNG,2019-02-27,0.0
BKNG,2020-05-07,0.0
BLDR,2015-02-20,0.0
BLDR,2015-04-24,0.0
BLDR,2016-11-04,-1.0
BLDR,2021-02-26,0.0
BLDR,2021-05-09,0.0
BLDR,2021-08-07,0.0
BLDR,2021-11-04,0.0
BLDR,2022-03-01,0.0
BLDR,2022-08-01,-2.0
BLDR,2023-02-28,-1.0
BLDR,2023-05-03,-1.0
BLDR,2023-11-01,0.0
BR,2015-11-07,0.0
BR,2016-02-04,0.0
BR,2017-05-10,0.0
BR,2019-02-07,0.0
BR,2021-02-02,0.0
BRO,2016-01-26,0.0
BRO,2016-07-19,0.0
BRO,2017-10-17,0.0
BRO,2018-04-24,0.0
BRO,2018-07-24,0.0
BRO,2019-04-23,-1.0
BRO,2020-07-28,-1.0
BRO,2022-01-25,0.0
BRO,2022-04-26,0.0
BRO,2022-10-25,0.0
BRO,2023-01-24,0.0
BRO,2023-07-25,0.0
BRO,2023-10-24,0.0
BSX,2016-10-26,0.0
BSX,2017-10-26,0.0
BSX,2018-02-02,0.0
BSX,2019-07-23,0.0
BSX,2021-11-01,0.0
BSX,2023-04-26,0.0
BSX,2023-10-26,0.0
BWA,2015-04-30,0.0
BWA,2015-10-29,0.0
BWA,2016-10-27,-2.0
BWA,2017-07-27,0.0
BWA,2020-08-05,0.0
BWA,2022-08-03,0.0
BWA,2022-10-27,0.0
BX,2016-10-28,0.0
BX,2017-01-26,-1.0
BX,2017-04-20,0.0
BX,2023-07-20,0.0
BXP,2018-01-31,0.0
BXP,2018-08-01,0.0
BXP,2019-05-01,-1.0
BXP,2019-10-30,0.0
BXP,2020-04-29,0.0
BXP,2021-01-27,0.0
BXP,2021-10-27,-1.0
C,2015-01-15,0.0
C,2015-04-16,0.0
C,2015-10-15,0.0
C,2016-04-15,0.0
C,2016-07-15,0.0
C,2016-10-14,0.0
C,2017-01-18,0.0
C,2017-07-14,0.0
C,2020-07-14,-1.0
C,2022-04-14,0.0
C,2022-07-15,-1.0
C,2023-10-13,-1.0
CAG,2015-03-26,0.0
CAG,2015-06-30,0.0
CAG,2015-09-22,0.0
CAG,2015-12-22,0.0
CAG,2016-04-07,0.0
CAG,2016-06-30,0.0
CAG,2016-12-22,0.0
CAG,2017-03-23,0.0
CAG,2017-09-28,0.0
CAG,2018-03-22,0.0
CAG,2018-09-27,0.0
CAG,2018-12-20,0.0
CAG,2019-03-21,0.0
CAG,2019-06-27,0.0
CAG,2019-09-26,0.0
CAG,2019-12-19,0.0
CAG,2020-03-31,0.0
CAG,2020-06-30,-1.0
CAG,2021-01-07,0.0
CAG,2021-04-08,0.0
CAG,2021-07-13,0.0
CAG,2021-10-07,0.0
CAG,2022-01-06,0.0
CAG,2022-04-07,0.0
CAH,2015-01-29,0.0
CAH,2015-07-30,-1.0
CAH,2016-04-28,0.0
CAH,2017-05-01,0.0
CAH,2021-02-05,0.0
CAH,2021-08-05,0.0
CAH,2023-08-15,0.0
CAT,2017-07-25,0.0
CAT,2018-07-30,0.0
CAT,2018-10-23,1.0
CAT,2020-07-31,-1.0
CAT,2021-10-28,0.0
CAT,2022-04-28,0.0
CBOE,2016-07-29,0.0
CBOE,2018-08-03,0.0
CBOE,2018-11-02,0.0
CBOE,2019-02-08,-1.0
CBOE,2020-02-07,0.0
CBOE,2020-05-01,0.0
CCI,2015-01-22,0.0
CCI,2019-01-24,0.0
CDNS,2017-10-27,-1.0
CDNS,2018-07-23,-1.0
CDNS,2020-04-20,-1.0
CDNS,2021-04-26,-1.0
CDNS,2021-07-26,0.0
CDNS,2023-02-13,0.0
CDNS,2023-04-24,0.0
CE,2015-01-23,-1.0
CE,2016-07-26,0.0
CE,2017-02-01,0.0
CE,2017-04-18,0.0
CE,2017-10-17,0.0
CE,2019-04-23,0.0
CE,2019-10-22,0.0
CE,2020-01-31,0.0
CE,2022-07-29,-1.0
CF,2017-08-03,-1.0
CF,2018-08-02,0.0
CFG,2017-07-21,0.0
CFG,2017-10-20,-1.0
CFG,2018-04-20,0.0
CFG,2019-01-18,0.0
CFG,2019-04-18,-1.0
CFG,2020-01-30,-1.0
CFG,2021-10-20,0.0
CFG,2022-04-19,0.0
CFG,2023-01-17,0.0
CFG,2023-10-18,0.0
CHD,2019-05-02,0.0
CHD,2019-10-31,0.0
CHD,2020-02-01,-1.0
CHD,2020-07-31,0.0
CHD,2021-04-29,0.0
CHD,2023-04-27,0.0
CHRW,2021-04-27,0.0
CHRW,2022-04-27,-1.0
CHTR,2016-11-03,0.0
CHTR,2017-05-02,0.0
CHTR,2017-07-27,-1.0
CHTR,2018-04-27,0.0
CHTR,2020-05-01,0.0
CHTR,2021-01-29,0.0
CHTR,2021-07-30,0.0
CHTR,2021-10-29,0.0
CHTR,2023-04-28,0.0
CI,2016-07-29,0.0
CI,2017-08-04,0.0
CI,2018-11-01,0.0
CI,2019-02-01,0.0
CI,2019-10-31,0.0
CI,2023-08-03,0.0
CINF,2016-07-27,0.0
CINF,2017-02-09,0.0
CINF,2018-07-27,-1.0
CINF,2019-04-25,0.0
CINF,2019-07-31,0.0
CINF,2020-02-06,0.0
CINF,2020-10-27,0.0
CINF,2023-02-07,0.0
CINF,2023-04-28,0.0
CL,2015-01-29,-1.0
CL,2017-01-27,0.0
CL,2018-01-26,0.0
CL,2018-10-26,0.0
CL,2020-05-01,0.0
CL,2022-01-28,0.0
CLX,2015-02-04,0.0
CLX,2017-05-03,0.0
CLX,2018-02-02,0.0
CLX,2018-05-02,-1.0
CLX,2019-02-04,0.0
CLX,2019-08-01,0.0
CLX,2021-04-30,-1.0
CLX,2021-11-01,0.0
CLX,2022-02-03,0.0
CLX,2022-08-03,-1.0
CLX,2023-05-02,-1.0
CLX,2023-08-02,0.0
CMCSA,2017-10-26,-1.0
CME,2016-10-27,0.0
CME,2017-02-02,0.0
CME,2017-04-27,0.0
CME,2017-08-01,0.0
CME,2017-10-26,0.0
CME,2018-02-02,0.0
CME,2018-04-26,0.0
CME,2018-07-26,0.0
CME,2018-10-25,-1.0
CME,2019-02-14,0.0
CME,2019-05-01,0.0
CME,2019-07-31,0.0
CME,2019-10-30,0.0
CME,2020-02-12,0.0
CME,2020-04-29,0.0
CME,2020-07-29,0.0
CME,2020-10-28,0.0
CME,2021-02-10,0.0
CME,2021-04-28,0.0
CME,2021-07-28,0.0
CME,2021-10-27,0.0
CME,2022-02-09,-1.0
CME,2022-04-27,0.0
CME,2022-07-27,0.0
CMG,2019-02-06,0.0
CMG,2021-02-02,-1.0
CMI,2015-07-30,-1.0
CMI,2017-05-03,-1.0
CMI,2020-10-27,-1.0
CMI,2022-11-03,0.0
CMI,2023-02-06,0.0
CMS,2015-01-29,-1.0
CMS,2016-07-31,0.0
CMS,2017-05-01,0.0
CMS,2019-01-31,0.0
CMS,2019-10-24,0.0
CMS,2020-01-30,0.0
CMS,2022-07-28,0.0
CMS,2023-04-27,0.0
CMS,2023-10-26,0.0
CNP,2015-11-07,0.0
CNP,2016-05-11,0.0
CNP,2016-08-05,0.0
CNP,2016-11-04,0.0
CNP,2017-03-01,-1.0
CNP,2017-08-04,0.0
CNP,2018-05-04,0.0
CNP,2019-02-28,0.0
CNP,2020-02-27,-1.0
CNP,2020-05-07,0.0
COF,2017-01-25,0.0
COF,2018-04-24,0.0
COF,2018-10-24,0.0
COF,2020-01-21,0.0
COF,2021-04-27,0.0
COF,2022-01-25,-1.0
COF,2023-01-24,0.0
COO,2018-06-07,0.0
COO,2018-12-06,0.0
COO,2020-09-03,-1.0
COO,2022-08-31,0.0
COO,2022-12-08,-1.0
COO,2023-06-01,0.0
COP,2017-07-27,-1.0
COP,2022-05-05,0.0
COR,2016-07-28,0.0
COR,2017-04-27,0.0
COR,2021-10-28,0.0
COST,2015-03-05,-1.0
COST,2015-05-28,0.0
COST,2015-09-30,0.0
COST,2015-12-09,0.0
COST,2016-05-26,0.0
COST,2016-09-29,0.0
COST,2016-12-08,0.0
COST,2017-03-03,0.0
COST,2017-12-15,0.0
COST,2018-10-05,0.0
COST,2018-12-14,-1.0
COST,2019-03-07,0.0
COST,2019-05-30,0.0
COST,2020-03-05,-1.0
COST,2020-09-25,0.0
COST,2020-12-11,0.0
COST,2021-03-04,0.0
COST,2021-09-23,0.0
COST,2021-12-09,0.0
COST,2022-03-03,0.0
COST,2022-09-22,0.0
COST,2022-12-08,0.0
COST,2023-03-02,0.0
COST,2023-09-26,-1.0
COST,2023-12-14,0.0
CPB,2015-09-03,0.0
CPB,2015-11-24,0.0
CPB,2016-09-01,0.0
CPB,2019-12-04,0.0
CPB,2020-03-04,-1.0
CPB,2021-06-09,-1.0
CPB,2021-09-01,-1.0
CPB,2021-12-08,-1.0
CPB,2022-03-09,0.0
CPB,2022-12-07,-1.0
CPB,2023-12-06,0.0
CPRT,2017-11-22,0.0
CPRT,2018-02-26,0.0
CPRT,2018-05-25,-1.0
CPRT,2020-05-21,-1.0
CPRT,2021-11-18,0.0
CRM,2016-09-01,0.0
CRM,2016-11-17,0.0
CRM,2019-06-04,-1.0
CRM,2021-11-30,0.0
CRM,2022-05-31,0.0
CSX,2015-07-15,0.0
CSX,2015-10-14,0.0
CSX,2018-04-18,-1.0
CSX,2020-04-22,0.0
CSX,2021-01-21,-1.0
CSX,2023-10-19,-2.0
CTAS,2015-09-24,0.0
CTAS,2017-09-26,-1.0
CTAS,2017-12-21,0.0
CTAS,2019-09-25,-1.0
CTAS,2020-09-23,0.0
CTAS,2023-07-13,0.0
CTSH,2016-08-05,0.0
CTSH,2019-05-03,0.0
CTSH,2019-08-01,0.0
CTSH,2019-10-31,0.0
CTSH,2020-02-06,0.0
CTSH,2021-10-27,0.0
CTSH,2022-02-02,-1.0
CTSH,2022-05-04,0.0
CTSH,2022-07-27,0.0
CTSH,2022-11-02,-1.0
CTVA,2020-05-07,0.0
CTVA,2020-08-06,0.0
CTVA,2021-02-04,0.0
CTVA,2022-02-03,0.0
CTVA,2023-05-04,0.0
CVX,2015-01-30,0.0
CVX,2015-05-01,0.0
CVX,2017-10-27,0.0
CVX,2020-01-31,0.0
CVX,2020-07-31,0.0
CVX,2021-01-29,-1.0
CVX,2021-07-30,0.0
CVX,2021-10-29,0.0
D,2017-08-02,0.0
D,2019-11-01,0.0
D,2020-02-11,0.0
D,2020-05-05,0.0
D,2020-07-31,0.0
D,2020-11-05,0.0
D,2021-02-12,0.0
D,2021-05-04,0.0
D,2021-08-06,0.0
D,2021-11-05,0.0
D,2022-02-11,0.0
D,2022-05-05,0.0
D,2022-08-08,0.0
D,2022-11-04,0.0
D,2023-02-08,0.0
D,2023-05-05,0.0
D,2023-08-04,0.0
D,2023-11-03,0.0
DAL,2015-10-14,0.0
DAL,2016-01-19,0.0
DAL,2016-04-14,0.0
DAL,2017-07-13,0.0
DAL,2022-10-13,0.0
DE,2015-05-22,0.0
DE,2015-08-21,0.0
DE,2017-08-18,0.0
DE,2020-02-21,0.0
DE,2020-05-22,-1.0
DE,2022-11-23,-2.0
DECK,2019-10-24,0.0
DECK,2021-02-04,-2.0
DECK,2021-10-28,-1.0
DECK,2023-02-02,-1.0
DELL,2019-05-30,0.0
DELL,2022-02-24,-1.0
DELL,2022-08-25,0.0
DELL,2023-06-01,0.0
DELL,2023-08-31,0.0
DELL,2023-11-30,0.0
DGX,2015-04-23,0.0
DGX,2017-01-26,0.0
DGX,2017-04-20,-1.0
DGX,2018-04-19,0.0
DGX,2018-07-24,0.0
DGX,2019-07-23,0.0
DGX,2020-01-30,0.0
DGX,2022-04-21,-1.0
DGX,2023-07-26,0.0
DHI,2015-01-26,0.0
DHI,2019-07-30,0.0
DHI,2020-11-10,0.0
DHI,2021-01-26,0.0
DHI,2021-11-09,0.0
DHI,2022-02-02,0.0
DHR,2015-01-27,0.0
DHR,2015-07-23,-1.0
DHR,2016-01-26,0.0
DHR,2016-07-25,0.0
DHR,2016-10-20,0.0
DHR,2017-04-20,0.0
DHR,2017-10-19,0.0
DHR,2018-07-19,0.0
DHR,2018-10-18,-1.0
DHR,2019-01-29,0.0
DHR,2019-04-18,0.0
DHR,2019-10-24,0.0
DHR,2021-10-21,0.0
DHR,2022-01-27,0.0
DHR,2022-10-20,0.0
DHR,2023-10-24,0.0
DIS,2015-02-03,0.0
DIS,2016-11-10,0.0
DIS,2017-02-07,0.0
DIS,2017-11-09,0.0
DIS,2018-11-08,0.0
DIS,2019-05-08,0.0
DIS,2019-08-06,0.0
DIS,2020-02-04,0.0
DIS,2020-05-06,0.0
DIS,2021-05-13,0.0
DIS,2021-11-10,0.0
DIS,2022-11-08,0.0
DIS,2023-05-10,0.0
DIS,2023-08-09,0.0
DLTR,2016-03-01,0.0
DLTR,2016-08-25,0.0
DLTR,2017-03-01,0.0
DLTR,2022-11-22,-1.0
DOV,2015-01-27,0.0
DOV,2016-07-21,-1.0
DOV,2016-10-19,-1.0
DOV,2017-01-26,0.0
DOV,2017-04-20,0.0
DOV,2017-07-20,0.0
DOV,2017-10-19,-1.0
DOV,2018-01-30,0.0
DOV,2018-07-19,0.0
DOV,2019-01-29,0.0
DOV,2019-04-18,0.0
DOV,2019-07-18,-1.0
DOV,2020-04-21,0.0
DOV,2021-01-28,0.0
DOV,2021-10-19,0.0
DOV,2022-01-27,-1.0
DOV,2022-04-21,-1.0
DOV,2022-10-20,0.0
DOW,2016-04-29,-1.0
DOW,2016-10-27,-1.0
DOW,2019-05-02,-1.0
DOW,2019-10-24,0.0
DRI,2015-09-22,0.0
DRI,2016-12-20,0.0
DRI,2018-09-20,0.0
DRI,2019-03-21,0.0
DRI,2020-06-25,-1.0
DRI,2023-06-22,0.0
DRI,2023-12-15,-1.0
DTE,2015-07-24,-1.0
DTE,2016-02-10,0.0
DTE,2016-04-26,-1.0
DTE,2017-10-25,0.0
DTE,2018-02-16,-1.0
DTE,2019-02-07,-1.0
DTE,2021-04-27,-1.0
DTE,2022-10-27,0.0
DTE,2023-04-27,0.0
DUK,2015-11-05,0.0
DUK,2020-11-05,0.0
DUK,2021-05-10,0.0
DUK,2022-08-04,-1.0
DVA,2015-11-04,-1.0
DVA,2019-11-05,0.0
DVA,2021-10-28,-1.0
DVA,2022-08-01,0.0
DVA,2023-08-03,0.0
DVN,2016-05-04,0.0
DVN,2019-11-06,0.0
DVN,2021-08-04,0.0
DVN,2022-02-16,0.0
DXC,2017-05-25,0.0
EA,2015-01-27,-1.0
EA,2016-01-28,0.0
EA,2016-08-02,0.0
EA,2022-08-02,-1.0
EBAY,2015-04-22,0.0
EBAY,2015-07-16,0.0
EBAY,2016-04-26,0.0
EBAY,2016-10-19,0.0
EBAY,2017-07-20,0.0
EBAY,2018-07-18,-1.0
EBAY,2019-04-23,0.0
EBAY,2019-07-17,0.0
EBAY,2022-08-03,0.0
ECL,2016-08-02,0.0
ECL,2021-02-16,-1.0
ECL,2023-05-02,0.0
EFX,2016-02-11,
EFX,2016-07-31,
EFX,2017-04-29,
EFX,2019-05-10,
EFX,2019-07-25,
EFX,2020-04-21,
EFX,2022-04-21,
EFX,2022-07-21,
EIX,2015-02-25,
EIX,2015-07-30,
EIX,2015-10-27,
EIX,2016-07-30,
EIX,2018-05-01,
EIX,2020-04-30,
EIX,2020-10-27,
EIX,2021-07-29,
EIX,2023-11-01,
EL,2015-02-05,
EL,2018-02-02,
EL,2018-05-02,
EL,2019-10-31,
EMN,2015-01-30,
EMN,2015-07-28,
EMN,2016-01-29,
EMN,2017-01-27,
EMN,2017-04-28,
EMN,2017-10-27,
EMN,2018-04-27,
EMN,2019-07-26,
EMN,2020-05-01,
EMN,2020-10-30,
EMN,2021-10-29,
EMN,2023-07-28,
EMR,2019-08-06,
EMR,2022-02-02,
EMR,2022-08-09,
EMR,2023-02-08,
EMR,2023-08-02,
EOG,2015-02-19,
EQR,2015-10-26,
EQR,2016-07-27,
EQR,2016-10-26,
EQR,2018-01-31,
EQR,2019-01-30,
EQR,2020-07-29,
EQR,2023-04-26,
ES,2017-11-02,
ES,2018-05-05,
ES,2019-02-21,
ES,2023-02-14,
ESS,2016-02-05,
ESS,2016-08-01,
ESS,2020-05-08,
ESS,2021-02-05,
ESS,2021-04-28,
ESS,2022-07-27,
ESS,2023-04-28,
ETN,2017-10-31,
ETN,2019-04-30,
ETN,2019-07-30,
ETN,2019-10-29,
ETN,2022-02-04,
ETN,2023-02-08,
ETN,2023-05-02,
ETN,2023-08-01,
ETN,2023-10-31,
ETR,2017-08-02,
ETR,2018-02-23,
ETR,2023-08-02,
EVRG,2018-08-09,
EVRG,2018-11-10,
EVRG,2019-02-22,
EW,2015-02-03,
EW,2016-04-27,
EW,2022-07-28,
EW,2022-10-27,
EXC,2015-10-30,
EXC,2019-05-02,
EXC,2021-02-24,
EXC,2023-08-02,
EXC,2023-11-02,
EXPE,2015-02-06,
EXPE,2015-07-30,
EXPE,2015-10-29,
EXPE,2016-02-11,
EXPE,2016-04-28,
EXPE,2016-07-28,
EXPE,2017-07-27,
EXPE,2021-11-04,
EXR,2017-08-02,
EXR,2017-11-05,
EXR,2018-02-21,
EXR,2019-05-02,
EXR,2019-10-30,
F,2015-10-27,
F,2017-04-27,
F,2019-04-25,
F,2019-07-24,
F,2020-02-05,
F,2020-04-28,
F,2023-07-27,0.0
FAST,2015-01-15,0.0
FAST,2015-04-14,0.0
FAST,2015-07-14,0.0
FAST,2016-10-11,0.0
FAST,2017-04-12,0.0
FAST,2018-01-17,0.0
FAST,2018-07-11,0.0
FAST,2018-10-10,0.0
FAST,2019-10-11,0.0
FAST,2020-01-17,0.0
FAST,2023-01-19,0.0
FAST,2023-07-13,0.0
FDS,2019-12-19,0.0
FDS,2020-09-24,0.0
FDS,2023-03-23,0.0
FDS,2023-06-22,1.0
FDX,2015-12-16,0.0
FDX,2016-12-20,0.0
FDX,2017-06-20,0.0
FDX,2020-12-17,0.0
FDX,2022-06-23,0.0
FDX,2023-06-20,0.0
FDX,2023-09-20,-2.0
FFIV,2015-07-22,0.0
FFIV,2017-01-25,0.0
FIS,2015-11-03,0.0
FIS,2016-05-03,0.0
FIS,2016-07-26,0.0
FIS,2019-04-30,0.0
FITB,2017-01-24,0.0
FITB,2017-04-26,0.0
FITB,2017-10-24,0.0
FITB,2018-04-24,0.0
FITB,2018-07-19,0.0
FITB,2019-01-22,0.0
FITB,2019-07-23,0.0
FITB,2019-10-22,0.0
FITB,2021-07-22,0.0
FITB,2023-07-20,0.0
FLS,2015-02-18,0.0
FLS,2016-02-19,0.0
FLS,2016-04-29,0.0
FLS,2017-05-02,0.0
FLS,2019-05-03,0.0
FLS,2020-05-08,0.0
FLS,2021-10-28,-1.0
FLS,2022-02-24,-1.0
FMC,2018-11-06,0.0
FMC,2019-10-30,0.0
FMC,2021-02-10,0.0
FMC,2021-11-03,0.0
FRT,2016-05-05,0.0
FRT,2017-11-04,0.0
FRT,2019-10-31,0.0
FRT,2022-11-03,0.0
FTI,2016-07-21,0.0
FTI,2018-10-25,0.0
FTNT,2019-08-02,0.0
FTNT,2020-02-07,0.0
FTNT,2020-08-06,0.0
FTNT,2022-05-04,0.0
FTNT,2022-08-03,0.0
FTNT,2022-11-02,0.0
FTV,2017-04-27,0.0
FTV,2018-02-09,0.0
FTV,2018-07-26,0.0
FTV,2018-10-25,0.0
FTV,2019-02-07,0.0
FTV,2019-04-26,0.0
FTV,2019-07-25,0.0
FTV,2019-10-24,-1.0
FTV,2021-07-30,0.0
FTV,2023-10-25,-1.0
GE,2015-10-16,0.0
GE,2017-04-21,0.0
GE,2018-01-24,0.0
GE,2020-07-29,-1.0
GE,2021-01-26,0.0
GE,2022-01-25,0.0
GEN,2018-11-01,0.0
GEN,2019-01-31,0.0
GEN,2019-08-09,0.0
GEN,2020-02-06,0.0
GILD,2016-07-25,-1.0
GIS,2017-09-20,0.0
GIS,2018-03-21,0.0
GIS,2019-03-20,0.0
GIS,2019-09-18,0.0
GIS,2019-12-18,0.0
GIS,2020-09-23,0.0
GIS,2021-09-22,0.0
GIS,2022-09-21,0.0
GIS,2022-12-20,0.0
GIS,2023-09-20,0.0
GLW,2015-01-27,0.0
GLW,2016-10-25,0.0
GLW,2017-01-24,0.0
GLW,2017-04-26,0.0
GLW,2017-07-26,0.0
GLW,2017-10-24,0.0
GLW,2018-01-30,0.0
GLW,2018-07-25,0.0
GLW,2018-10-23,0.0
GLW,2019-01-29,0.0
GLW,2019-04-30,0.0
GLW,2019-07-30,0.0
GLW,2019-10-29,0.0
GLW,2020-01-29,-1.0
GLW,2020-04-28,0.0
GLW,2020-07-28,0.0
GLW,2020-10-27,0.0
GLW,2021-01-27,0.0
GLW,2021-04-27,0.0
GLW,2021-07-27,-1.0
GLW,2021-10-26,-1.0
GLW,2022-01-26,0.0
GLW,2022-04-26,0.0
GLW,2022-07-26,0.0
GLW,2023-01-31,0.0
GLW,2023-04-25,0.0
GLW,2023-07-25,0.0
GOOG,2015-01-30,0.0
GOOG,2016-02-02,0.0
GOOG,2016-04-22,0.0
GOOG,2016-07-29,0.0
GOOG,2016-10-28,0.0
GOOG,2017-01-27,0.0
GOOG,2018-07-24,0.0
GOOG,2020-07-30,-1.0
GPC,2015-07-20,0.0
GPC,2020-10-22,0.0
GPN,2016-10-05,0.0
GPN,2018-08-02,0.0
GPN,2020-02-29,0.0
GPN,2021-05-04,0.0
GPN,2021-11-02,0.0
GPN,2022-08-01,0.0
GPN,2023-02-10,-1.0
GRMN,2015-02-18,0.0
GRMN,2017-08-02,0.0
GRMN,2018-02-21,0.0
GRMN,2019-10-30,0.0
GRMN,2021-10-27,0.0
GS,2015-04-16,-1.0
GS,2015-10-15,0.0
GS,2018-04-17,0.0
GS,2021-07-13,0.0
GWW,2017-01-25,-1.0
GWW,2017-07-19,0.0
GWW,2018-01-24,0.0
GWW,2018-04-19,0.0
GWW,2018-10-16,0.0
GWW,2019-04-22,0.0
GWW,2019-10-23,-1.0
GWW,2020-01-30,0.0
GWW,2020-04-23,0.0
GWW,2021-04-30,0.0
GWW,2021-07-30,-1.0
GWW,2022-04-28,0.0
HAL,2016-10-19,0.0
HAL,2020-07-20,0.0
HAL,2021-10-19,0.0
HAL,2022-10-25,0.0
HAS,2015-02-09,-1.0
HAS,2015-07-20,0.0
HAS,2015-10-19,0.0
HAS,2016-02-08,0.0
HAS,2016-07-19,0.0
HAS,2017-04-24,0.0
HAS,2017-07-24,0.0
HAS,2019-07-23,-1.0
HAS,2020-04-29,0.0
HAS,2020-07-27,0.0
HAS,2021-02-08,0.0
HBAN,2015-04-22,0.0
HBAN,2016-01-21,0.0
HBAN,2017-01-25,0.0
HBAN,2017-07-21,0.0
HBAN,2018-04-24,-1.0
HBAN,2019-07-25,0.0
HBAN,2020-01-23,0.0
HBAN,2021-07-29,0.0
HBAN,2022-07-21,0.0
HCA,2015-08-05,0.0
HCA,2015-10-28,0.0
HCA,2017-01-31,0.0
HCA,2017-07-25,-1.0
HIG,2015-07-28,0.0
HIG,2016-04-29,0.0
HIG,2016-07-31,0.0
HIG,2017-07-28,0.0
HIG,2018-10-26,-1.0
HIG,2019-08-02,0.0
HIG,2019-11-05,0.0
HIG,2020-02-04,0.0
HIG,2020-04-30,0.0
HIG,2020-07-31,0.0
HIG,2020-10-30,0.0
HIG,2021-02-05,0.0
HIG,2021-10-29,0.0
HIG,2022-04-29,-1.0
HIG,2022-07-29,-2.0
HIG,2022-10-28,0.0
HIG,2023-02-03,0.0
HIG,2023-04-28,-1.0
HIG,2023-07-28,-1.0
HIG,2023-10-27,0.0
HOG,2015-01-29,-1.0
HOG,2015-07-24,-1.0
HOG,2017-01-31,0.0
HOLX,2016-01-27,0.0
HOLX,2017-02-01,-1.0
HOLX,2017-08-02,-2.0
HOLX,2018-02-08,0.0
HOLX,2019-07-31,0.0
HOLX,2020-01-29,0.0
HOLX,2022-10-31,-1.0
HPE,2016-05-24,0.0
HPE,2016-09-07,0.0
HPE,2016-11-22,0.0
HPE,2018-12-05,0.0
HPE,2019-05-24,0.0
HPE,2019-08-28,0.0
HPE,2020-03-03,0.0
HPE,2020-05-21,0.0
HPE,2020-08-25,0.0
HPE,2020-12-01,0.0
HPE,2022-08-30,0.0
HPE,2022-11-29,0.0
HPE,2023-08-29,0.0
HPQ,2015-02-24,-1.0
HPQ,2019-08-22,0.0
HPQ,2019-11-26,0.0
HPQ,2020-05-27,-1.0
HPQ,2021-11-23,0.0
HPQ,2022-05-31,0.0
HPQ,2023-02-28,0.0
HRL,2016-05-18,0.0
HRL,2016-08-18,-1.0
HRL,2016-11-22,0.0
HRL,2019-08-22,-1.0
HRL,2020-02-20,0.0
HRL,2020-08-25,0.0
HRL,2021-05-20,0.0
HSIC,2018-02-20,-1.0
HSIC,2019-02-20,0.0
HSIC,2019-11-05,0.0
HSIC,2022-05-03,0.0
HST,2016-02-17,0.0
HST,2020-05-08,0.0
HST,2020-07-31,0.0
HST,2022-05-05,0.0
HST,2023-05-05,0.0
HST,2023-11-02,0.0
HUM,2018-11-07,-1.0
HUM,2019-07-31,-1.0
HUM,2019-11-06,0.0
HUM,2021-04-28,0.0
HUM,2023-08-02,-2.0
ICE,2016-02-04,0.0
ICE,2017-02-07,-1.0
ICE,2019-02-07,0.0
INCY,2019-07-30,0.0
INTC,2015-04-23,-2.0
KEY,2015-01-22,0.0
KEY,2015-10-15,-1.0
KEY,2017-04-20,-1.0
KEY,2018-01-18,0.0
KEY,2018-04-19,-1.0
KEY,2018-07-19,0.0
KEY,2019-01-17,-1.0
KEY,2019-07-23,0.0
KEY,2020-01-23,0.0
KEY,2020-04-16,0.0
KEY,2021-07-20,0.0
KEY,2022-04-21,0.0
KHC,2015-11-06,0.0
KHC,2022-07-27,-2.0
KIM,2018-07-26,-1.0
KIM,2019-10-24,0.0
KIM,2022-07-28,0.0
KLAC,2018-10-29,0.0
KLAC,2019-08-05,-1.0
KLAC,2021-04-30,-1.0
KLAC,2022-07-28,0.0
KLAC,2023-10-25,0.0
KMB,2015-10-21,0.0
KMB,2017-01-24,0.0
KMB,2018-10-22,-1.0
KMB,2020-01-23,-1.0
KMB,2023-01-25,-1.0
KMI,2015-07-15,0.0
KMI,2016-04-21,-2.0
KMI,2018-01-17,0.0
KMI,2018-07-18,0.0
KMI,2019-07-17,0.0
KMI,2020-04-22,0.0
KMI,2021-04-21,0.0
KMI,2021-07-21,0.0
KMI,2022-04-20,-1.0
KMI,2022-10-19,-1.0
KMI,2023-10-18,0.0
KO,2015-02-10,0.0
KO,2015-04-22,-1.0
KO,2016-10-26,0.0
KO,2017-04-26,0.0
KO,2017-07-26,-1.0
KO,2017-10-25,0.0
KO,2018-02-16,-1.0
KO,2019-04-23,0.0
KO,2019-10-18,0.0
KO,2020-07-21,-2.0
KO,2022-10-25,-1.0
KO,2023-07-26,0.0
KSS,2018-05-22,0.0
L,2016-08-01,0.0
L,2017-05-01,0.0
L,2018-04-30,0.0
L,2018-07-30,0.0
L,2020-11-02,-1.0
LDOS,2020-05-05,0.0
LDOS,2022-05-03,0.0
LEG,2015-01-30,0.0
LEG,2015-05-01,-1.0
LEG,2015-07-31,-1.0
LEG,2017-04-28,-1.0
LEG,2017-07-28,0.0
LEG,2017-10-27,0.0
LEG,2018-04-27,0.0
LEG,2018-07-27,0.0
LEG,2019-02-05,0.0
LEG,2019-04-30,0.0
LEG,2019-10-29,-1.0
LEG,2021-11-02,0.0
LEN,2015-01-15,-1.0
LEN,2015-03-19,0.0
LEN,2015-06-24,0.0
LEN,2015-09-21,0.0
LEN,2015-12-18,0.0
LEN,2016-03-29,0.0
LEN,2016-06-21,0.0
LEN,2016-09-20,0.0
LEN,2016-12-19,0.0
LEN,2017-03-21,0.0
LEN,2017-06-20,0.0
LEN,2017-10-03,0.0
LEN,2018-01-10,0.0
LEN,2018-04-04,0.0
LEN,2018-06-26,0.0
LEN,2018-10-03,0.0
LEN,2019-01-09,0.0
LEN,2019-03-27,0.0
LEN,2019-06-25,0.0
LEN,2019-10-03,0.0
LEN,2020-01-08,0.0
LEN,2020-03-19,0.0
LEN,2020-06-16,0.0
LEN,2020-09-15,0.0
LEN,2020-12-17,0.0
LEN,2021-03-17,0.0
LEN,2021-06-17,0.0
LEN,2021-09-21,0.0
LEN,2021-12-16,0.0
LEN,2022-03-17,0.0
LEN,2022-06-21,0.0
LEN,2022-09-22,0.0
LEN,2022-12-15,0.0
LEN,2023-03-15,0.0
LEN,2023-06-15,0.0
LEN,2023-09-15,0.0
LEN,2023-12-15,0.0
LH,2015-02-20,-1.0
LH,2015-04-27,0.0
LH,2015-07-28,-1.0
LH,2017-02-16,0.0
LH,2017-07-26,0.0
LH,2019-10-24,0.0
LH,2020-10-27,0.0
LH,2022-04-28,0.0
LH,2022-07-28,-1.0
LH,2022-10-27,0.0
LH,2023-02-16,0.0
LMT,2017-10-24,0.0
LMT,2020-07-21,0.0
LMT,2021-10-26,0.0
LMT,2022-01-25,0.0
LMT,2022-04-19,0.0
LMT,2023-07-18,0.0
LMT,2023-10-17,0.0
LNC,2015-02-05,0.0
LNC,2015-10-30,0.0
LNC,2017-05-06,0.0
LNC,2018-02-01,0.0
LNC,2018-05-03,0.0
LNC,2018-08-02,0.0
LNC,2018-11-02,0.0
LNC,2019-08-01,0.0
LNC,2020-02-06,0.0
LNC,2020-05-08,-1.0
LNC,2020-08-06,0.0
LNC,2020-11-05,0.0
LNC,2021-02-04,0.0
LNC,2021-05-06,-1.0
LNC,2021-08-05,0.0
LNC,2021-11-04,0.0
LNC,2022-02-03,0.0
LNC,2022-05-05,-1.0
LNC,2022-08-04,0.0
LNC,2022-11-03,0.0
LNC,2023-05-10,0.0
LNC,2023-08-03,0.0
LNC,2023-11-02,0.0
LNT,2016-05-05,0.0
LOW,2016-05-18,0.0
LOW,2017-05-24,0.0
LOW,2017-08-23,0.0
LOW,2018-08-22,-1.0
LOW,2022-05-18,0.0
LOW,2023-03-01,0.0
LRCX,2015-01-28,0.0
LRCX,2015-07-29,-1.0
LRCX,2018-04-17,0.0
LRCX,2019-07-31,0.0
LRCX,2020-07-30,0.0
LRCX,2020-10-21,0.0
LRCX,2022-01-26,-1.0
LRCX,2022-07-27,0.0
LYB,2016-11-01,0.0
LYB,2017-02-03,0.0
LYB,2021-01-29,0.0
LYB,2022-01-28,0.0
M,2015-05-13,0.0
M,2015-08-12,0.0
M,2018-05-16,0.0
M,2019-05-15,0.0
M,2020-09-02,-1.0
MCK,2017-05-18,-1.0
MCK,2017-07-27,0.0
MCK,2018-05-24,0.0
MCK,2023-08-02,0.0
MCO,2015-02-06,0.0
MCO,2015-05-01,0.0
MCO,2015-10-30,0.0
MCO,2016-10-21,0.0
MCO,2017-11-03,0.0
MCO,2018-04-28,0.0
MCO,2018-07-27,0.0
MCO,2018-10-26,0.0
MCO,2019-04-24,0.0
MCO,2019-07-31,0.0
MCO,2019-10-30,0.0
MCO,2020-02-12,0.0
MCO,2020-04-30,0.0
MCO,2020-07-31,0.0
MCO,2020-10-30,0.0
MCO,2021-02-12,0.0
MCO,2021-04-28,0.0
MCO,2021-07-28,0.0
MCO,2021-10-28,0.0
MCO,2022-02-10,0.0
MCO,2022-05-02,0.0
MDT,2015-09-03,-1.0
MDT,2016-03-01,0.0
MDT,2016-05-31,-1.0
MDT,2016-11-22,0.0
MDT,2018-02-20,0.0
MDT,2018-08-21,0.0
MDT,2018-11-20,0.0
MDT,2019-08-20,-1.0
MDT,2021-08-24,-1.0
MDT,2021-11-23,-1.0
MDT,2022-08-23,0.0
MDT,2022-11-22,0.0
MDT,2023-02-21,0.0
MDT,2023-05-25,0.0
MDT,2023-08-22,0.0
MDT,2023-12-08,0.0
MGM,2017-07-27,0.0
MGM,2018-04-26,0.0
MGM,2018-08-02,0.0
MGM,2019-07-25,0.0
MGM,2019-10-30,-1.0
MGM,2021-02-10,0.0
MGM,2023-08-02,0.0
MGM,2023-11-08,0.0
MHK,2015-02-20,-1.0
MHK,2015-08-07,0.0
MHK,2018-10-26,0.0
MHK,2019-10-25,0.0
MHK,2020-08-07,-1.0
MHK,2021-02-12,0.0
MHK,2021-04-30,0.0
MHK,2023-10-27,0.0
MKC,2015-07-01,-1.0
MKC,2015-10-01,0.0
MKC,2016-09-30,0.0
MKC,2017-06-29,0.0
MKC,2017-09-28,0.0
MKC,2018-01-25,0.0
MKC,2018-03-27,0.0
MKC,2018-06-28,0.0
MKC,2018-09-27,0.0
MKC,2019-01-24,0.0
MKC,2019-03-26,-1.0
MKC,2019-06-27,0.0
MKC,2019-10-01,-2.0
MKC,2020-01-28,0.0
MKC,2020-03-31,0.0
MKC,2020-06-25,-2.0
MKC,2020-09-29,-2.0
MKC,2021-03-30,-1.0
MKC,2022-10-06,0.0
MKC,2023-01-26,-1.0
MKTX,2020-04-29,-1.0
MLM,2016-02-10,0.0
MLM,2017-11-02,0.0
MLM,2019-07-30,0.0
MMM,2015-04-23,-1.0
MMM,2016-07-26,0.0
MMM,2017-01-24,0.0
MMM,2018-04-24,0.0
MMM,2018-07-24,0.0
MMM,2019-07-25,0.0
MMM,2022-01-25,0.0
MMM,2022-04-26,0.0
MMM,2023-07-25,0.0
MNST,2015-02-26,0.0
MNST,2015-05-07,0.0
MNST,2015-11-05,0.0
MNST,2016-04-29,0.0
MNST,2016-11-03,0.0
MNST,2017-03-01,0.0
MNST,2017-05-04,0.0
MNST,2018-05-08,0.0
MNST,2019-08-08,0.0
MNST,2019-11-08,0.0
MNST,2020-02-28,0.0
MNST,2020-05-08,0.0
MNST,2020-08-05,0.0
MNST,2020-11-06,0.0
MNST,2021-08-05,0.0
MNST,2021-11-04,0.0
MNST,2022-05-05,0.0
MNST,2022-08-04,0.0
MNST,2022-11-03,0.0
MS,2015-04-20,0.0
MS,2016-01-19,0.0
MS,2016-07-20,-1.0
MS,2016-08-17,0.0
MS,2016-11-22,0.0
MS,2018-05-22,-2.0
MS,2018-11-27,-1.0
MS,2019-05-21,0.0
MS,2020-05-20,0.0
MS,2021-07-15,0.0
MS,2022-01-19,0.0
MS,2022-07-14,-1.0
MS,2022-10-14,0.0
MS,2023-01-17,0.0
MS,2023-04-19,0.0
MSCI,2019-10-31,0.0
MSCI,2020-04-28,0.0
MSCI,2020-07-28,0.0
MSCI,2021-07-27,-1.0
MSCI,2022-07-26,0.0
MSCI,2023-04-25,0.0
MSI,2015-05-06,0.0
MSI,2015-11-04,0.0
MSI,2020-08-06,0.0
MTB,2016-04-18,0.0
MTB,2016-07-20,0.0
MTB,2017-07-19,0.0
MTB,2019-01-17,0.0
MTB,2019-04-15,0.0
MTB,2019-07-18,0.0
MTB,2021-01-21,0.0
MTB,2021-10-20,0.0
MTD,2017-07-28,0.0
MTD,2018-05-04,0.0
MTD,2019-02-08,0.0
MTD,2020-02-06,-1.0
MTD,2020-08-01,0.0
MTD,2020-11-08,0.0
MTD,2021-02-04,0.0
MTD,2021-11-04,0.0
MTD,2022-02-11,0.0
MTD,2022-05-05,0.0
MTD,2022-07-30,0.0
MU,2015-01-06,0.0
MU,2015-04-01,0.0
MU,2015-06-25,0.0
MU,2015-10-01,-1.0
MU,2015-12-22,0.0
MU,2016-03-30,0.0
MU,2017-06-29,0.0
MU,2020-03-25,-1.0
MU,2021-01-07,0.0
MU,2022-03-29,0.0
MU,2023-06-28,0.0
NCLH,2020-05-14,0.0
NCLH,2022-08-09,0.0
NDAQ,2016-01-28,-1.0
NDAQ,2017-01-31,0.0
NDAQ,2018-01-31,-1.0
NDAQ,2020-07-22,0.0
NDAQ,2022-07-20,0.0
NDAQ,2023-01-25,0.0
NEE,2017-01-27,0.0
NEE,2017-04-21,0.0
NEE,2018-04-24,-1.0
NEE,2021-04-21,-1.0
NEE,2021-07-23,0.0
NEE,2022-07-22,0.0
NKE,2015-09-24,0.0
NKE,2018-09-25,-1.0
NKE,2023-09-28,0.0
NOC,2016-01-29,-1.0
NOC,2017-04-26,-1.0
NOC,2017-10-25,0.0
NOC,2022-07-28,0.0
NOV,2015-02-03,-1.0
NOV,2017-04-27,-1.0
NOV,2019-10-29,-1.0
NOV,2020-07-28,0.0
NOV,2022-02-04,-1.0
NOW,2023-04-26,0.0
NRG,2019-02-28,0.0
NRG,2019-05-02,-2.0
NRG,2019-11-07,-1.0
NRG,2022-02-24,0.0
NSC,2015-01-27,0.0
NSC,2016-10-26,-1.0
NSC,2017-01-25,0.0
NSC,2017-10-25,0.0
NSC,2020-01-29,0.0
NSC,2020-10-28,0.0
NSC,2021-01-27,0.0
NSC,2022-07-27,-1.0
NSC,2022-10-26,-1.0
NTAP,2016-02-17,0.0
NTAP,2019-05-22,-1.0
NTAP,2019-11-13,0.0
NTAP,2020-02-12,-1.0
NTAP,2022-11-29,0.0
NTRS,2015-01-21,0.0
NTRS,2015-07-22,-2.0
NTRS,2017-01-18,0.0
NTRS,2017-10-18,0.0
NTRS,2018-01-24,-1.0
NTRS,2018-04-17,-1.0
NTRS,2018-10-17,-1.0
NTRS,2019-01-23,0.0
NTRS,2019-04-23,0.0
NTRS,2019-10-23,0.0
NTRS,2021-07-21,0.0
NTRS,2021-10-20,-1.0
NTRS,2022-04-26,0.0
NUE,2017-04-20,0.0
NUE,2020-01-28,-1.0
NVDA,2019-11-14,0.0
NWL,2017-02-06,0.0
NWL,2017-08-04,0.0
NWL,2017-11-02,-1.0
NWL,2018-11-02,0.0
NWL,2019-08-02,-1.0
NWL,2020-07-31,-1.0
NWS,2015-02-05,0.0
NWS,2015-05-05,0.0
NWS,2015-08-12,-1.0
NWS,2015-11-07,-1.0
NWS,2016-08-08,0.0
NWS,2016-11-07,0.0
NWS,2020-05-10,-1.0
NWS,2020-08-08,-2.0
NWS,2021-11-04,0.0
NWS,2022-05-08,-1.0
NWS,2023-05-11,-1.0
NWS,2023-08-10,-2.0
NWS,2023-11-09,0.0
NWSA,2015-02-05,0.0
NWSA,2015-05-05,0.0
NWSA,2015-08-12,-1.0
NWSA,2015-11-07,-1.0
NWSA,2016-08-08,0.0
NWSA,2016-11-07,0.0
NWSA,2020-05-10,-1.0
NWSA,2020-08-08,-2.0
NWSA,2021-11-04,0.0
NWSA,2022-05-08,-1.0
NWSA,2023-05-11,-1.0
NWSA,2023-08-10,-2.0
NWSA,2023-11-09,0.0
O,2016-10-27,0.0
O,2018-08-02,0.0
O,2021-11-02,0.0
O,2022-02-23,0.0
O,2022-08-04,-1.0
O,2022-11-03,0.0
O,2023-05-04,0.0
ODFL,2019-07-25,
ODFL,2022-02-02,
OKE,2016-02-23,
OKE,2019-10-30,
OKE,2020-04-29,
OKE,2021-04-28,
OKE,2022-08-09,
OKE,2023-11-01,
ORCL,2016-03-15,
ORCL,2016-06-16,
ORCL,2020-03-12,
ORLY,2015-04-23,
ORLY,2015-08-01,
ORLY,2015-10-30,
ORLY,2016-02-11,
ORLY,2016-05-01,
ORLY,2019-02-07,
ORLY,2023-02-09,
ORLY,2023-07-27,
OXY,2017-08-03,
OXY,2019-11-05,
OXY,2021-05-11,
PANW,2020-11-16,
PANW,2022-08-22,
PAYX,2017-06-28,
PAYX,2017-10-03,
PAYX,2018-03-26,
PAYX,2018-10-02,
PAYX,2019-03-27,
PAYX,2021-09-30,
PAYX,2022-06-29,
PAYX,2023-06-29,
PAYX,2023-09-27,
PAYX,2023-12-21,
PCAR,2015-01-30,
PCAR,2015-04-21,
PCAR,2015-10-27,
PCAR,2016-04-26,
PCAR,2017-07-25,
PCAR,2017-10-24,
PCAR,2018-01-30,
PCAR,2018-07-24,
PCAR,2020-07-21,
PCAR,2021-10-26,
PCAR,2022-07-26,
PCAR,2023-07-25,
PCAR,2023-10-24,
PEG,2016-02-19,
PEG,2018-08-01,
PEG,2018-10-30,
PEG,2019-10-31,
PEG,2021-11-02,
PEG,2022-05-03,
PEG,2022-08-02,
PEG,2023-05-02,
PEG,2023-08-01,
PEP,2017-10-04,
PEP,2020-07-13,
PEP,2021-04-15,
PFG,2015-01-30,
PFG,2015-07-24,
PFG,2015-10-23,
PFG,2016-10-28,
PFG,2018-04-27,
PFG,2018-07-27,
PFG,2020-04-28,
PFG,2021-07-28,
PFG,2021-10-27,
PFG,2022-04-29,
PFG,2022-08-09,
PFG,2022-10-28,
PFG,2023-01-31,
PFG,2023-07-28,
PFG,2023-10-27,
PGR,2015-08-06,
PGR,2016-05-05,
PGR,2019-08-08,
PGR,2021-08-04,
PGR,2021-11-03,
PGR,2022-03-01,
PGR,2022-05-03,
PGR,2023-08-02,
PGR,2023-11-01,
PH,2015-01-27,
PH,2015-04-28,
PH,2016-10-21,
PH,2017-04-27,
PH,2017-08-03,
PH,2018-02-01,
PH,2019-08-01,
PH,2019-11-01,
PH,2020-01-30,
PH,2020-08-06,
PH,2020-11-05,
PH,2022-05-05,
PH,2022-11-03,
PH,2023-02-02,
PH,2023-08-03,
PHM,2016-01-28,
PHM,2017-01-26,
PHM,2018-10-23,
PHM,2019-04-23,
PHM,2019-10-22,
PHM,2020-10-22,
PHM,2021-04-27,
PKG,2017-04-27,
PKG,2018-01-31,
PKG,2018-07-26,
PKG,2019-04-25,
PKG,2019-10-24,
PKG,2020-01-30,
PKG,2021-01-28,
PKG,2021-10-26,
PKG,2022-01-27,
PKG,2022-07-26,
PKG,2022-10-25,
PKG,2023-10-24,
PLD,2015-04-21,
PLD,2018-07-26,
PLD,2019-01-22,
PLD,2021-07-19,
PM,2015-02-05,
PM,2015-07-16,
PM,2018-07-19,
PM,2020-04-21,
PM,2020-07-21,
PM,2021-10-19,
PNC,2015-01-16,
PNC,2015-04-15,
PNC,2015-07-15,
PNC,2016-10-14,
PNC,2017-01-13,
PNC,2017-07-14,
PNC,2018-01-12,
PNC,2018-04-13,
PNC,2018-07-13,
PNC,2018-10-12,
PNC,2019-04-12,
PNC,2019-07-17,
PNC,2019-10-16,
PNC,2020-01-15,
PNC,2020-04-15,
PNC,2021-01-15,
PNC,2021-04-16,
PNC,2022-07-15,
PNC,2023-01-18,
PNC,2023-07-18,
PNR,2015-02-03,
PNR,2015-04-21,
PNR,2016-07-28,
PNR,2016-10-25,
PNR,2017-10-24,
PNR,2018-10-23,
PNR,2019-07-23,
PNR,2022-07-26,
PNR,2023-10-24,
PNW,2016-04-29,
PNW,2016-11-06,
PNW,2018-02-23,
PNW,2018-08-04,
PNW,2019-02-22,
PNW,2020-08-08,
PNW,2021-08-05,
PNW,2023-05-04,
PRGO,2017-11-09,
PRGO,2020-02-27,
PRGO,2020-11-04,
PRGO,2021-05-11,
PRGO,2021-11-10,
PRU,2015-02-05,
PRU,2015-05-07,
PRU,2016-05-05,
PRU,2016-08-04,
PRU,2016-11-03,
PRU,2017-02-09,
PRU,2017-08-03,
PRU,2017-11-02,
PRU,2018-02-08,
PRU,2018-05-03,
PRU,2019-08-01,
PRU,2020-05-06,
PRU,2020-08-05,
PRU,2021-11-03,
PRU,2022-11-02,
PSA,2015-02-20,
PSA,2015-05-01,
PSA,2015-07-30,
PSA,2015-10-30,
PSA,2016-02-17,
PSA,2016-04-27,
PSA,2016-07-28,
PSA,2016-10-27,
PSA,2017-02-23,
PSA,2017-04-27,
PSA,2017-07-27,
PSA,2017-10-26,
PSA,2018-02-21,
PVH,2015-03-26,
PVH,2016-12-01,
PVH,2018-03-29,
PVH,2020-09-03,0.0
PWR,2015-02-19,-1.0
PWR,2015-08-05,-1.0
PWR,2017-05-07,0.0
PWR,2017-08-05,0.0
PWR,2017-11-04,-2.0
PWR,2018-05-03,-1.0
PWR,2019-02-21,-1.0
PWR,2019-05-02,-1.0
PWR,2020-02-27,-2.0
PWR,2021-02-25,0.0
PWR,2021-08-05,-1.0
PWR,2022-05-05,-1.0
PWR,2022-08-04,0.0
PWR,2022-11-03,-1.0
PYPL,2016-10-20,0.0
PYPL,2018-07-25,-2.0
PYPL,2019-07-24,0.0
QCOM,2017-04-19,0.0
QCOM,2017-11-01,0.0
QCOM,2019-05-01,0.0
QCOM,2022-02-02,0.0
QCOM,2023-02-02,0.0
QRVO,2015-01-28,0.0
QRVO,2015-05-07,0.0
QRVO,2015-07-29,0.0
QRVO,2017-02-01,0.0
QRVO,2018-10-31,-1.0
QRVO,2020-05-07,0.0
QRVO,2021-08-04,0.0
QRVO,2022-02-02,0.0
RCL,2017-04-28,0.0
RCL,2020-02-04,-1.0
RCL,2023-05-04,-2.0
REG,2018-02-09,-1.0
REG,2018-05-01,0.0
REG,2018-08-03,-1.0
REG,2019-10-31,-1.0
REG,2020-05-08,-1.0
REG,2023-05-05,0.0
REGN,2022-08-03,0.0
RF,2015-01-20,0.0
RF,2017-04-18,-2.0
RF,2018-07-20,-1.0
RF,2019-04-18,-1.0
RF,2019-07-19,0.0
RF,2022-04-22,0.0
RF,2022-07-22,0.0
RF,2022-10-21,0.0
RF,2023-10-20,0.0
RHI,2015-01-29,0.0
RHI,2015-07-23,0.0
RHI,2015-10-21,0.0
RHI,2017-01-26,0.0
RHI,2018-04-24,0.0
RHI,2018-07-24,0.0
RHI,2019-04-23,0.0
RHI,2019-07-23,0.0
RHI,2020-01-31,0.0
RHI,2020-07-23,0.0
RHI,2020-10-22,0.0
RHI,2021-04-21,0.0
RHI,2021-07-22,0.0
RHI,2021-10-21,0.0
RHI,2022-01-27,0.0
RHI,2022-04-26,0.0
RHI,2022-07-21,0.0
RHI,2022-10-20,0.0
RHI,2023-01-27,0.0
RHI,2023-04-26,0.0
RHI,2023-07-25,0.0
RHI,2023-10-24,0.0
RJF,2017-07-29,0.0
RJF,2018-01-25,0.0
RJF,2019-07-25,0.0
RJF,2020-05-01,0.0
RJF,2021-10-21,0.0
RJF,2021-10-28,0.0
RJF,2022-07-28,0.0
RJF,2022-10-27,0.0
RJF,2023-04-26,-1.0
RJF,2023-07-26,0.0
RL,2019-02-05,0.0
RL,2021-08-03,-1.0
RL,2022-11-10,-1.0
RL,2023-05-25,0.0
RMD,2017-01-23,0.0
RMD,2017-04-27,0.0
RMD,2018-10-25,0.0
RMD,2020-01-30,0.0
ROK,2015-04-30,-2.0
ROK,2019-07-25,-1.0
ROK,2021-01-26,0.0
ROL,2018-04-25,0.0
ROL,2018-07-25,0.0
ROL,2018-10-24,0.0
ROL,2019-01-23,0.0
ROL,2019-04-24,0.0
ROL,2019-07-24,0.0
ROL,2019-10-23,-1.0
ROL,2020-01-29,0.0
ROL,2020-04-29,0.0
ROL,2020-07-29,0.0
ROL,2020-10-28,0.0
ROL,2021-01-27,0.0
ROL,2021-04-28,-1.0
ROL,2021-07-28,0.0
ROL,2021-10-27,0.0
ROL,2022-01-26,0.0
ROL,2022-04-27,0.0
ROL,2022-07-27,0.0
ROL,2022-10-26,0.0
ROL,2023-02-16,0.0
ROP,2015-01-26,0.0
ROP,2016-04-25,0.0
ROP,2017-04-28,-1.0
ROP,2017-10-30,0.0
ROP,2019-02-01,-1.0
ROP,2020-04-28,0.0
ROP,2020-07-28,0.0
ROP,2021-01-29,0.0
ROP,2021-10-22,0.0
ROP,2022-04-26,0.0
ROST,2015-05-20,0.0
ROST,2017-05-17,0.0
ROST,2017-11-15,0.0
ROST,2022-11-16,-1.0
ROST,2023-11-15,-1.0
RSG,2016-04-29,0.0
RSG,2016-07-29,-1.0
RSG,2018-05-03,-1.0
RSG,2018-07-27,-1.0
RSG,2019-07-26,-1.0
RSG,2020-08-07,-1.0
RSG,2020-11-05,-1.0
RSG,2021-04-30,0.0
RSG,2021-08-01,-1.0
RSG,2023-07-31,0.0
SBUX,2015-04-24,-1.0
SBUX,2017-01-27,0.0
SBUX,2017-04-27,-1.0
SBUX,2023-02-02,0.0
SEE,2017-08-08,-1.0
SEE,2020-02-11,0.0
SEE,2021-05-04,0.0
SEE,2021-11-02,-1.0
SHW,2016-10-25,-1.0
SHW,2017-04-20,0.0
SHW,2018-04-24,0.0
SHW,2019-01-31,0.0
SHW,2019-04-23,-1.0
SHW,2020-04-29,0.0
SHW,2020-10-27,0.0
SHW,2021-07-27,0.0
SHW,2022-07-27,0.0
SHW,2022-10-25,0.0
SHW,2023-01-26,0.0
SHW,2023-04-25,-1.0
SLB,2015-01-16,0.0
SLG,2017-10-19,0.0
SLG,2018-10-18,0.0
SLG,2020-04-23,-1.0
SMCI,2020-02-08,-1.0
SMCI,2021-05-05,0.0
SMCI,2022-02-02,-1.0
SNA,2015-04-23,-1.0
SNA,2015-10-22,0.0
SNA,2016-02-04,-1.0
SNA,2016-07-21,0.0
SNA,2018-10-18,-1.0
SNA,2019-04-18,0.0
SNA,2019-07-18,0.0
SNA,2022-02-03,-1.0
SNA,2022-04-21,0.0
SO,2015-04-29,-1.0
SO,2017-08-02,0.0
SO,2018-11-07,0.0
SWK,2017-01-26,0.0
SWK,2018-04-20,0.0
SWK,2019-10-24,0.0
SWK,2021-07-27,0.0
SWKS,2015-01-22,0.0
SWKS,2015-04-30,0.0
SWKS,2020-01-23,0.0
SYK,2015-01-27,0.0
SYK,2015-07-23,-1.0
SYK,2016-01-26,0.0
SYK,2016-10-27,0.0
SYK,2022-01-27,0.0
SYK,2023-05-01,0.0
SYY,2016-11-07,0.0
SYY,2019-05-06,0.0
SYY,2019-08-12,-1.0
SYY,2019-11-04,-1.0
SYY,2020-11-03,0.0
SYY,2021-08-10,0.0
SYY,2021-11-09,0.0
SYY,2022-11-01,0.0
T,2016-10-24,0.0
T,2018-01-31,0.0
T,2023-01-25,-1.0
TAP,2015-11-05,0.0
TAP,2017-02-14,0.0
TAP,2018-02-14,0.0
TAP,2018-05-02,-1.0
TAP,2019-05-01,0.0
TAP,2019-10-30,0.0
TAP,2020-02-12,0.0
TAP,2020-04-30,0.0
TAP,2020-07-30,0.0
TAP,2021-04-29,0.0
TAP,2021-10-28,0.0
TAP,2022-02-23,0.0
TAP,2022-05-03,0.0
TAP,2022-08-02,-1.0
TAP,2022-11-01,0.0
TAP,2023-02-21,0.0
TAP,2023-05-02,0.0
TAP,2023-08-01,0.0
TAP,2023-11-02,0.0
TECH,2022-11-01,-1.0
TECH,2023-10-31,0.0
TFX,2019-10-31,0.0
TFX,2021-07-29,0.0
TFX,2023-02-23,0.0
TGT,2016-05-18,0.0
TGT,2018-03-06,0.0
TGT,2018-08-22,0.0
TGT,2019-03-05,0.0
TGT,2019-05-22,0.0
TGT,2019-08-21,0.0
TGT,2023-05-17,0.0
TJX,2015-08-18,0.0
TJX,2016-05-17,-1.0
TJX,2017-05-16,0.0
TJX,2017-08-15,-1.0
TJX,2020-02-26,0.0
TJX,2020-08-19,0.0
TJX,2020-11-18,-1.0
TJX,2021-08-18,-1.0
TJX,2022-08-17,-1.0
TJX,2023-05-17,0.0
TMO,2015-07-22,-1.0
TMO,2020-05-11,0.0
TMO,2023-10-25,-1.0
TMUS,2019-04-25,0.0
TMUS,2019-10-28,0.0
TMUS,2020-11-06,0.0
TMUS,2021-07-30,0.0
TPR,2015-08-04,0.0
TPR,2016-04-26,0.0
TPR,2016-08-09,0.0
TPR,2016-11-01,0.0
TPR,2018-02-06,0.0
TPR,2020-02-06,0.0
TPR,2022-11-10,0.0
TRV,2015-01-22,0.0
TRV,2015-04-21,0.0
TRV,2015-07-21,0.0
TRV,2015-10-20,-1.0
TRV,2016-01-21,0.0
TRV,2016-07-21,0.0
TRV,2017-01-24,0.0
TRV,2017-07-20,-1.0
TRV,2018-01-23,0.0
TRV,2018-04-24,-1.0
TRV,2018-07-19,-1.0
TRV,2019-01-22,-1.0
TRV,2019-04-18,0.0
TRV,2019-10-22,-1.0
TRV,2020-04-21,-1.0
TRV,2020-07-23,0.0
TRV,2021-01-21,0.0
TRV,2021-04-20,0.0
TRV,2021-10-19,-1.0
TRV,2022-01-20,-1.0
TRV,2022-04-19,0.0
TRV,2022-07-21,0.0
TRV,2023-01-24,0.0
TRV,2023-04-19,-1.0
TRV,2023-07-20,0.0
TSCO,2015-10-22,0.0
TSCO,2017-02-02,0.0
TSCO,2019-07-25,0.0
TSCO,2019-10-24,0.0
TSCO,2022-01-28,-1.0
TSCO,2023-01-26,0.0
TSCO,2023-04-27,-1.0
TSCO,2023-10-26,0.0
TSN,2017-05-08,0.0
TSN,2017-11-13,0.0
TSN,2018-08-06,0.0
TSN,2018-11-13,0.0
TSN,2019-05-06,0.0
TSN,2019-08-05,0.0
TSN,2019-11-12,0.0
TSN,2020-02-06,0.0
TSN,2023-02-06,0.0
TSN,2023-05-08,0.0
TTWO,2019-05-13,0.0
TTWO,2019-08-05,-1.0
TTWO,2021-02-08,-1.0
TTWO,2022-11-07,-1.0
TTWO,2023-11-08,0.0
TXN,2015-04-22,0.0
TXN,2017-01-24,-1.0
TXN,2017-07-25,0.0
TXN,2019-04-23,0.0
TXN,2020-04-22,-1.0
TXN,2020-07-21,0.0
TXN,2020-10-20,0.0
TXN,2021-07-21,0.0
UA,2018-07-26,0.0
UAL,2015-04-23,-1.0
UAL,2015-07-23,-1.0
UAL,2017-01-18,-1.0
UAL,2021-01-21,0.0
UAL,2023-07-20,0.0
UHS,2015-04-29,0.0
UHS,2017-04-29,0.0
UHS,2019-10-25,-1.0
UHS,2022-04-26,0.0
UHS,2023-04-26,-1.0
ULTA,2016-12-01,0.0
ULTA,2017-03-09,0.0
ULTA,2018-05-31,0.0
ULTA,2018-12-06,-1.0
ULTA,2019-03-14,-1.0
ULTA,2019-05-30,0.0
UNM,2015-05-02,0.0
UNM,2015-07-30,0.0
UNM,2015-10-29,0.0
UNM,2016-04-28,-1.0
UNM,2016-07-28,0.0
UNM,2016-10-27,0.0
UNM,2017-07-28,0.0
UNM,2018-05-02,0.0
UNM,2021-11-03,0.0
UNP,2015-10-22,-1.0
UNP,2016-07-21,0.0
UNP,2016-10-20,0.0
UNP,2017-07-20,-1.0
UNP,2018-01-25,0.0
UNP,2018-07-19,0.0
UNP,2018-10-25,0.0
UNP,2019-10-17,0.0
UNP,2020-10-22,0.0
UNP,2022-04-21,0.0
UNP,2023-01-24,-1.0
UNP,2023-07-26,0.0
UPS,2015-04-28,0.0
UPS,2016-10-27,0.0
UPS,2017-07-27,0.0
UPS,2017-10-26,0.0
UPS,2021-07-27,0.0
UPS,2023-08-08,0.0
URI,2015-10-22,-1.0
URI,2017-01-26,0.0
URI,2021-10-28,0.0
URI,2022-07-28,0.0
URI,2022-10-27,0.0
URI,2023-04-27,0.0
URI,2023-07-27,0.0
URI,2023-10-26,-1.0
USB,2015-01-21,-1.0
USB,2015-04-15,0.0
USB,2015-10-15,0.0
USB,2016-04-20,0.0
USB,2016-07-15,-1.0
USB,2018-01-17,0.0
USB,2018-07-18,0.0
USB,2020-07-15,0.0
USB,2020-10-14,0.0
USB,2021-04-15,0.0
USB,2022-04-14,0.0
USB,2023-07-19,0.0
V,2015-01-29,0.0
V,2015-04-30,0.0
V,2017-10-25,0.0
V,2019-07-23,-2.0
VFC,2015-07-24,0.0
VFC,2019-05-22,0.0
VFC,2020-01-23,0.0
VFC,2020-05-15,0.0
VFC,2020-10-16,0.0
VFC,2021-07-30,0.0
VFC,2023-08-01,0.0
VFC,2023-10-30,0.0
VLO,2017-01-31,0.0
VLO,2020-04-29,0.0
VLO,2023-10-26,0.0
VMC,2015-08-05,0.0
VMC,2016-11-02,0.0
VMC,2017-02-07,0.0
VMC,2017-05-07,0.0
VMC,2017-08-02,0.0
VMC,2018-05-03,-1.0
VMC,2018-07-31,0.0
VMC,2019-05-03,0.0
VMC,2020-08-04,0.0
VMC,2021-02-16,0.0
VMC,2021-11-04,0.0
VMC,2022-05-04,0.0
VMC,2023-02-16,0.0
VMC,2023-08-03,-1.0
VMC,2023-10-26,-1.0
VNO,2017-05-02,0.0
VNO,2018-10-30,0.0
VNO,2019-04-30,-1.0
VNO,2023-05-02,0.0
VRSK,2017-08-03,0.0
VRSK,2018-08-01,-1.0
VRSK,2018-10-31,0.0
VRSK,2019-05-01,0.0
VRSK,2022-05-04,-1.0
VRSK,2023-05-03,-1.0
VRSK,2023-11-01,-1.0
VRSN,2017-02-09,0.0
VRTX,2020-01-31,0.0
VTR,2015-04-24,0.0
VTR,2015-10-23,0.0
VTR,2016-02-12,0.0
VTR,2016-04-29,0.0
VTR,2016-10-28,-1.0
VTR,2017-02-10,0.0
VTR,2017-04-28,0.0
VTR,2018-07-27,0.0
VTR,2019-04-26,0.0
VTR,2019-07-26,0.0
VTR,2020-02-20,-1.0
VTR,2023-05-09,0.0
WAB,2019-10-31,0.0
WAB,2020-02-18,0.0
WAB,2020-07-28,-1.0
WAB,2021-10-27,0.0
WAB,2022-04-27,0.0
WAT,2015-07-28,0.0
WAT,2020-10-27,-1.0
WAT,2021-05-05,-1.0
WDAY,2019-08-29,0.0
WDAY,2022-05-26,0.0
WDC,2016-10-26,0.0
WDC,2017-01-25,0.0
WDC,2018-04-26,-1.0
WDC,2021-04-29,0.0
WDC,2021-08-04,-1.0
WELL,2015-02-20,0.0
WELL,2016-02-18,0.0
WELL,2016-05-03,0.0
WELL,2017-05-08,0.0
WELL,2018-04-26,-1.0
WELL,2018-07-27,-1.0
WELL,2018-10-30,0.0
WELL,2019-02-12,0.0
WELL,2019-08-02,0.0
WELL,2019-10-29,0.0
WELL,2020-02-13,0.0
WELL,2020-05-07,0.0
WELL,2020-08-06,0.0
WELL,2020-10-29,0.0
WELL,2021-04-29,0.0
WELL,2021-07-30,0.0
WELL,2021-11-05,-1.0
WELL,2022-02-16,0.0
WELL,2022-05-11,0.0
WELL,2022-08-10,0.0
WELL,2022-11-08,0.0
WELL,2023-02-16,0.0
WELL,2023-05-03,0.0
WELL,2023-08-01,0.0
WELL,2023-10-31,0.0
WFC,2015-01-15,0.0
WFC,2015-07-14,0.0
WFC,2015-10-14,0.0
WFC,2016-01-15,0.0
WFC,2016-04-14,0.0
WFC,2016-07-15,0.0
WFC,2017-01-13,0.0
WFC,2017-10-13,0.0
WFC,2018-04-13,0.0
WFC,2018-10-12,0.0
WFC,2019-01-15,0.0
WFC,2019-04-12,-1.0
WFC,2020-04-14,0.0
WFC,2022-04-14,0.0
WFC,2022-10-14,0.0
WFC,2023-04-14,0.0
WHR,2015-02-04,0.0
WHR,2015-07-22,0.0
WHR,2016-04-26,0.0
WHR,2016-07-22,-1.0
WHR,2016-10-25,-1.0
WHR,2017-01-26,-1.0
WHR,2017-04-26,0.0
WHR,2017-10-24,0.0
WHR,2018-07-24,-1.0
WHR,2022-04-26,-1.0
WMT,2015-02-19,0.0
WMT,2020-02-18,-1.0
WMT,2021-02-20,-1.0
WMT,2021-11-16,-1.0
WMT,2023-02-21,0.0
WY,2015-05-01,-1.0
WY,2016-10-28,0.0
WY,2017-02-03,-1.0
WY,2018-07-27,0.0
WY,2019-07-26,0.0
WY,2020-07-31,-1.0
XEL,2019-04-25,-1.0
XEL,2022-07-28,0.0
XEL,2023-10-26,0.0
XOM,2015-04-30,-1.0
XOM,2017-04-28,0.0
XOM,2017-07-28,-1.0
XOM,2018-02-02,0.0
XOM,2018-04-27,0.0
XOM,2020-07-31,-1.0
XOM,2022-04-29,0.0
XOM,2023-01-31,-1.0
XRAY,2015-02-18,-1.0
XRAY,2015-05-08,0.0
XRAY,2015-07-30,0.0
XRAY,2016-11-04,-1.0
XRAY,2017-02-17,0.0
XYL,2015-07-30,-1.0
XYL,2015-10-29,0.0
XYL,2016-05-03,-1.0
XYL,2018-07-31,0.0
XYL,2019-05-04,0.0
XYL,2020-10-29,-1.0
XYL,2021-08-03,0.0
ZBH,2015-01-29,-1.0
ZBH,2015-04-30,-1.0
ZBH,2015-10-29,-1.0
ZBH,2016-01-28,0.0
ZBH,2017-04-27,0.0
ZBH,2018-10-26,0.0
ZBH,2020-02-04,0.0
ZBH,2020-05-11,-1.0
ZBRA,2020-02-13,0.0
ZBRA,2020-07-28,0.0
ZBRA,2021-05-04,0.0
ZBRA,2021-08-03,-1.0
ZBRA,2023-02-16,0.0
ZION,2015-01-26,0.0
ZION,2015-04-20,-1.0
ZION,2015-10-19,0.0
ZION,2016-01-25,-1.0
ZION,2016-04-26,0.0
ZION,2016-10-25,-1.0
ZION,2018-07-24,0.0
ZION,2019-04-23,-1.0
ZION,2019-07-23,-1.0
ZION,2020-04-21,0.0
ZION,2020-10-20,-1.0
ZION,2021-01-20,0.0
ZION,2021-10-18,0.0
ZION,2022-01-24,0.0
ZION,2022-07-26,-1.0
ZION,2022-10-24,0.0
ZTS,2019-08-06,0.0
ZTS,2022-11-03,0.0
