symbol,earnings_date,guidance_revision_direction
A,2015-02-17,2.0
A,2015-08-17,0.0
A,2015-11-17,1.0
A,2016-08-17,0.0
A,2017-02-14,0.0
A,2017-05-22,0.0
A,2017-11-20,0.0
A,2018-02-14,0.0
A,2018-05-14,-2.0
A,2018-08-15,0.0
A,2019-02-20,1.0
A,2019-05-14,-2.0
A,2020-02-18,1.0
A,2021-02-16,0.0
A,2021-05-25,1.0
A,2021-08-17,1.0
A,2021-11-22,0.0
A,2022-02-22,2.0
A,2022-05-24,0.0
A,2023-02-28,2.0
A,2023-08-15,0.0
AAL,2023-07-20,1.0
AAP,2016-08-16,0.0
AAP,2017-05-24,0.0
AAP,2018-08-14,0.0
AAP,2018-11-13,0.0
AAP,2019-08-13,0.0
AAP,2021-06-02,2.0
AAP,2021-08-24,0.0
AAP,2021-11-16,-1.0
AAP,2022-05-25,0.0
AAP,2023-02-28,0.0
ABBV,2015-04-23,0.0
ABBV,2015-10-30,0.0
ABBV,2016-10-28,0.0
ABBV,2017-01-27,0.0
ABBV,2018-01-26,0.0
ABBV,2018-04-26,0.0
ABBV,2018-11-02,0.0
ABBV,2019-04-25,0.0
ABBV,2020-07-31,0.0
ABBV,2020-10-30,2.0
ABBV,2021-07-30,0.0
ABBV,2023-07-27,2.0
ABBV,2023-10-27,2.0
ABT,2015-07-22,0.0
ABT,2016-01-28,0.0
ABT,2016-04-20,0.0
ABT,2016-07-20,0.0
ABT,2016-10-19,2.0
ABT,2017-07-20,2.0
ABT,2018-07-17,2.0
ABT,2020-10-20,0.0
ABT,2021-04-19,0.0
ABT,2023-07-19,0.0
ABT,2023-10-17,0.0
ACGL,2015-07-30,0.0
ACGL,2022-02-10,0.0
ACN,2015-09-24,0.0
ACN,2016-03-24,0.0
ACN,2016-06-23,2.0
ACN,2017-03-23,1.0
ACN,2017-12-21,1.0
ACN,2018-06-28,1.0
ACN,2018-09-27,0.0
ACN,2019-03-28,1.0
ACN,2020-12-17,0.0
ACN,2021-06-24,0.0
ACN,2021-09-23,0.0
ACN,2023-12-19,0.0
ADBE,2015-03-17,0.0
ADBE,2016-06-21,1.0
ADBE,2017-12-14,0.0
ADBE,2021-03-24,0.0
ADBE,2022-03-22,0.0
ADBE,2022-12-15,0.0
ADBE,2023-03-15,2.0
ADBE,2023-06-15,2.0
ADI,2020-08-19,0.0
ADI,2022-11-22,0.0
ADM,2017-08-01,1.0
ADM,2020-07-31,1.0
ADM,2021-04-27,0.0
ADM,2021-07-27,0.0
ADP,2015-10-28,0.0
ADP,2016-04-29,0.0
ADP,2016-07-29,0.0
ADP,2017-11-02,0.0
ADP,2019-01-31,2.0
ADP,2019-05-01,2.0
ADP,2020-01-29,0.0
ADP,2020-04-29,0.0
ADP,2020-10-28,2.0
ADP,2021-07-28,0.0
ADP,2021-10-27,1.0
ADP,2022-01-26,2.0
ADP,2022-04-27,2.0
ADP,2022-10-26,0.0
ADP,2023-04-26,-2.0
ADP,2023-07-26,0.0
ADSK,2017-08-24,2.0
ADSK,2018-03-06,0.0
ADSK,2019-08-27,0.0
ADSK,2019-11-26,2.0
ADSK,2020-08-25,0.0
ADSK,2020-11-25,0.0
ADSK,2021-05-27,0.0
ADSK,2021-11-23,0.0
ADSK,2022-02-24,0.0
ADSK,2022-11-22,0.0
ADSK,2023-02-23,0.0
ADSK,2023-11-21,0.0
AEE,2015-02-25,0.0
AEE,2016-08-05,2.0
AEE,2016-11-04,0.0
AEE,2017-08-04,0.0
AEE,2018-02-16,0.0
AEE,2018-10-31,2.0
AEE,2019-11-08,2.0
AEP,2015-04-23,0.0
AEP,2015-07-23,1.0
AEP,2019-10-24,0.0
AEP,2020-10-22,0.0
AEP,2021-02-25,0.0
AEP,2022-02-24,1.0
AEP,2022-04-28,0.0
AES,2017-05-08,0.0
AES,2023-05-05,0.0
AFL,2015-07-29,1.0
AFL,2016-10-28,1.0
AIV,2015-07-31,1.0
AIV,2016-04-30,0.0
AIV,2016-07-29,1.0
AIV,2017-10-27,0.0
AIV,2018-08-04,1.0
AIV,2018-11-02,0.0
AIZ,2015-02-13,0.0
AIZ,2017-08-02,0.0
AIZ,2020-08-06,0.0
AIZ,2022-08-03,0.0
AIZ,2023-08-02,0.0
AJG,2015-04-24,0.0
AJG,2016-02-03,0.0
AJG,2021-07-29,0.0
AJG,2023-01-26,0.0
AKAM,2017-02-07,0.0
AKAM,2017-07-25,0.0
ALB,2017-05-04,0.0
ALB,2019-08-08,2.0
ALB,2021-11-04,0.0
ALB,2022-05-05,0.0
ALB,2022-11-03,0.0
ALGN,2019-07-24,0.0
ALGN,2020-01-29,0.0
ALGN,2021-02-04,0.0
ALGN,2021-04-28,0.0
ALGN,2021-07-29,2.0
ALGN,2021-10-27,0.0
ALGN,2023-04-26,0.0
ALGN,2023-10-25,-2.0
ALK,2018-07-26,0.0
ALK,2019-04-25,0.0
ALK,2019-07-25,0.0
ALK,2019-10-24,0.0
ALK,2020-01-28,0.0
ALK,2022-10-20,0.0
ALK,2023-04-20,0.0
ALK,2023-10-19,0.0
ALL,2019-02-06,0.0
ALL,2023-05-04,0.0
ALLE,2015-02-18,0.0
ALLE,2015-10-29,1.0
ALLE,2016-07-28,1.0
ALLE,2016-10-29,0.0
ALLE,2017-02-09,0.0
ALLE,2017-04-29,1.0
ALLE,2017-07-27,0.0
ALLE,2017-10-28,0.0
ALLE,2018-07-26,0.0
ALLE,2019-10-24,0.0
ALLE,2021-04-22,0.0
ALLE,2021-10-21,0.0
ALLE,2023-04-26,2.0
ALLE,2023-07-26,0.0
ALLE,2023-10-31,2.0
AMAT,2016-11-17,0.0
AMAT,2017-08-17,0.0
AMAT,2017-11-16,0.0
AMD,2019-01-24,-1.0
AMD,2021-10-26,1.0
AMD,2022-05-03,2.0
AME,2019-05-01,1.0
AME,2023-08-01,0.0
AMGN,2015-04-21,1.0
AMGN,2015-10-28,0.0
AMGN,2016-01-29,0.0
AMGN,2016-04-29,2.0
AMGN,2016-07-27,2.0
AMGN,2017-07-25,0.0
AMGN,2017-10-25,2.0
AMGN,2019-07-30,2.0
AMGN,2020-10-28,-1.0
AMGN,2023-04-27,0.0
AMT,2015-02-12,0.0
AMT,2015-07-23,2.0
AMT,2015-10-22,2.0
AMT,2016-02-11,0.0
AMT,2016-04-29,0.0
AMT,2017-02-09,0.0
AMT,2017-04-27,1.0
AMT,2017-07-27,0.0
AMT,2018-02-08,0.0
AMT,2018-07-26,2.0
AMT,2019-02-07,0.0
AMT,2021-02-04,0.0
AMT,2021-07-29,2.0
AMT,2021-10-28,2.0
AMT,2022-04-27,2.0
AMT,2023-07-27,2.0
ANET,2015-02-19,1.0
ANET,2015-11-05,0.0
ANET,2016-02-18,0.0
ANET,2016-08-05,0.0
ANET,2018-08-02,0.0
ANET,2020-11-02,0.0
ANET,2021-11-01,0.0
AON,2015-10-30,0.0
AON,2018-02-02,0.0
AON,2018-05-04,0.0
AON,2018-10-26,0.0
AON,2019-02-01,0.0
AON,2019-07-26,0.0
AON,2020-01-31,0.0
AON,2021-02-05,0.0
AON,2021-04-30,0.0
AON,2022-02-04,0.0
AON,2023-04-28,0.0
AON,2023-07-28,0.0
AON,2023-10-27,0.0
APA,2022-08-04,0.0
APD,2015-01-29,0.0
APD,2015-05-01,0.0
APD,2018-01-26,1.0
APD,2023-05-09,1.0
APD,2023-08-03,1.0
APD,2023-11-07,0.0
APH,2015-01-21,0.0
APH,2015-04-22,0.0
APH,2021-04-28,0.0
APH,2022-07-27,-1.0
APTV,2018-05-02,0.0
APTV,2018-07-31,0.0
APTV,2021-02-03,0.0
APTV,2021-08-05,-2.0
APTV,2022-02-03,0.0
APTV,2022-08-04,0.0
APTV,2022-11-03,0.0
APTV,2023-08-03,0.0
ARE,2018-08-01,0.0
ARE,2021-04-27,0.0
ARE,2023-07-25,0.0
ATO,2016-08-05,0.0
ATO,2017-08-05,2.0
ATO,2019-05-08,0.0
AVB,2016-07-26,1.0
AVB,2021-10-28,0.0
AVB,2022-04-28,2.0
AVB,2022-07-28,0.0
AVB,2023-08-01,2.0
AVB,2023-10-26,2.0
AVY,2015-02-02,1.0
AVY,2015-07-29,0.0
AVY,2015-10-31,0.0
AVY,2016-04-27,0.0
AVY,2016-10-26,2.0
AVY,2017-02-01,1.0
AVY,2017-04-27,2.0
AVY,2017-07-25,2.0
AVY,2017-10-25,2.0
AVY,2018-01-31,0.0
AVY,2018-04-25,0.0
AVY,2018-07-24,0.0
AVY,2018-10-23,1.0
AVY,2019-01-30,0.0
AVY,2019-04-24,0.0
AVY,2019-10-23,0.0
AVY,2020-01-29,0.0
AVY,2020-07-27,0.0
AVY,2021-02-03,0.0
AVY,2021-04-28,2.0
AVY,2021-07-28,0.0
AVY,2021-10-27,2.0
AVY,2022-02-02,0.0
AVY,2022-04-26,0.0
AVY,2022-07-27,0.0
AVY,2022-10-26,0.0
AVY,2023-02-02,0.0
AVY,2023-10-25,0.0
AWK,2021-02-25,0.0
AWK,2021-05-04,0.0
AWK,2022-04-28,0.0
AWK,2022-07-28,0.0
AWK,2023-02-16,0.0
AXP,2015-07-22,0.0
AXP,2016-10-19,0.0
AXP,2017-01-19,0.0
AXP,2017-10-18,1.0
AXP,2018-10-18,0.0
AXP,2019-01-18,0.0
AXP,2019-10-18,0.0
AXP,2020-01-24,0.0
AXP,2022-01-25,0.0
AXP,2022-04-22,0.0
AXP,2022-07-22,0.0
AXP,2022-10-21,0.0
AXP,2023-01-27,0.0
AXP,2023-04-20,0.0
AXP,2023-07-21,0.0
AXP,2023-10-20,0.0
BA,2018-04-25,2.0
BAX,2015-10-27,0.0
BAX,2016-02-02,0.0
BAX,2016-10-25,0.0
BAX,2017-04-26,0.0
BAX,2017-07-26,0.0
BAX,2017-10-25,0.0
BAX,2018-04-26,2.0
BAX,2018-07-26,0.0
BAX,2019-01-31,0.0
BAX,2019-07-25,0.0
BAX,2021-02-05,1.0
BAX,2021-04-30,0.0
BAX,2021-07-30,0.0
BAX,2022-04-28,0.0
BAX,2023-11-02,0.0
BBY,2017-05-25,0.0
BBY,2017-08-29,1.0
BBY,2018-03-01,0.0
BBY,2018-08-28,0.0
BBY,2019-02-27,0.0
BBY,2019-08-29,0.0
BBY,2019-11-26,1.0
BBY,2020-02-27,0.0
BBY,2021-02-25,0.0
BBY,2021-05-27,0.0
BBY,2022-03-03,0.0
BBY,2023-05-25,0.0
BBY,2023-08-29,0.0
BBY,2023-11-21,0.0
BEN,2018-07-27,0.0
BG,2021-05-04,0.0
BG,2021-10-27,0.0
BG,2023-08-02,0.0
BIIB,2016-07-21,2.0
BIIB,2021-07-22,1.0
BIIB,2021-10-20,1.0
BIO,2016-08-03,0.0
BIO,2018-08-07,0.0
BIO,2021-04-30,1.0
BIO,2021-10-28,0.0
BIO,2022-02-10,0.0
BIO,2023-05-04,0.0
BK,2015-07-21,0.0
BK,2016-04-21,0.0
BK,2017-01-19,0.0
BK,2023-01-13,0.0
BK,2023-10-17,0.0
BKNG,2018-05-09,0.0
BKNG,2018-08-09,0.0
BKNG,2018-11-05,0.0
BKNG,2022-02-23,0.0
BLDR,2021-08-07,0.0
BLDR,2023-02-28,0.0
BLDR,2023-05-03,0.0
BR,2015-02-05,0.0
BR,2015-08-07,0.0
BR,2017-05-10,2.0
BR,2017-08-10,0.0
BR,2018-02-08,0.0
BR,2018-05-08,1.0
BR,2018-08-07,1.0
BR,2019-02-07,0.0
BR,2019-05-07,2.0
BR,2019-08-01,0.0
BR,2019-11-06,0.0
BR,2020-10-30,1.0
BR,2022-05-03,0.0
BR,2022-08-12,0.0
BR,2022-11-02,1.0
BR,2023-02-02,1.0
BR,2023-11-02,1.0
BRO,2015-04-21,0.0
BRO,2017-07-18,0.0
BRO,2018-04-24,0.0
BRO,2018-07-24,0.0
BRO,2021-07-27,0.0
BRO,2023-01-24,0.0
BRO,2023-04-25,1.0
BSX,2015-04-28,0.0
BSX,2015-07-23,1.0
BSX,2015-10-28,0.0
BSX,2016-04-27,0.0
BSX,2016-07-28,0.0
BSX,2017-07-27,2.0
BSX,2018-02-02,0.0
BSX,2018-04-25,0.0
BSX,2018-07-25,2.0
BSX,2018-10-24,2.0
BSX,2021-02-27,0.0
BSX,2021-05-04,0.0
BSX,2021-08-03,2.0
BSX,2022-10-26,0.0
BSX,2023-02-01,0.0
BSX,2023-04-26,0.0
BSX,2023-07-27,0.0
BSX,2023-10-26,0.0
BWA,2015-07-30,0.0
BWA,2015-10-29,-2.0
BWA,2016-07-30,0.0
BWA,2016-10-27,0.0
BWA,2017-02-09,0.0
BWA,2017-07-27,0.0
BWA,2017-10-26,1.0
BWA,2018-02-08,0.0
BWA,2018-04-26,1.0
BWA,2018-07-26,1.0
BX,2016-04-22,0.0
BX,2016-10-28,0.0
BXP,2015-08-01,1.0
BXP,2015-10-30,0.0
BXP,2016-07-27,0.0
BXP,2019-01-30,2.0
BXP,2019-05-01,2.0
BXP,2020-01-29,0.0
BXP,2022-05-03,0.0
BXP,2022-10-26,1.0
BXP,2023-08-02,0.0
C,2015-10-15,0.0
C,2016-10-14,0.0
C,2018-07-13,0.0
C,2018-10-12,0.0
C,2022-04-14,0.0
C,2023-07-14,0.0
CAG,2016-12-22,0.0
CAG,2019-09-26,0.0
CAG,2019-12-19,0.0
CAG,2020-06-30,1.0
CAG,2021-01-07,0.0
CAG,2021-04-08,0.0
CAG,2021-07-13,-2.0
CAG,2021-10-07,0.0
CAG,2022-01-06,0.0
CAG,2022-07-14,0.0
CAG,2022-10-06,0.0
CAG,2023-01-05,2.0
CAG,2023-04-05,1.0
CAH,2015-11-02,2.0
CAH,2016-02-01,1.0
CAH,2016-04-28,0.0
CAH,2017-02-07,1.0
CAH,2019-02-07,2.0
CAH,2019-05-09,0.0
CAH,2020-11-05,1.0
CAH,2022-08-11,0.0
CAH,2023-02-02,2.0
CAH,2023-05-04,1.0
CAH,2023-08-15,2.0
CAH,2023-11-03,2.0
CAT,2017-04-26,2.0
CAT,2017-10-24,0.0
CAT,2018-04-24,2.0
CAT,2020-07-31,0.0
CAT,2021-04-29,0.0
CAT,2021-10-28,0.0
CAT,2022-10-27,0.0
CBOE,2017-11-07,0.0
CBOE,2021-02-05,0.0
CBOE,2021-04-30,2.0
CBOE,2021-07-30,1.0
CBOE,2022-07-29,2.0
CBOE,2022-11-04,1.0
CCI,2015-07-23,0.0
CCI,2015-10-22,1.0
CCI,2016-01-28,0.0
CCI,2016-10-21,2.0
CCI,2018-04-19,0.0
CCI,2018-10-18,0.0
CCI,2019-07-18,0.0
CCI,2020-07-30,0.0
CCI,2021-07-22,0.0
CDNS,2018-07-23,0.0
CDNS,2020-10-20,1.0
CDNS,2021-02-22,0.0
CDNS,2023-02-13,1.0
CDNS,2023-04-24,0.0
CDNS,2023-10-23,1.0
CE,2015-04-17,2.0
CE,2016-10-18,1.0
CE,2018-01-26,2.0
CE,2018-07-20,2.0
CE,2019-10-22,0.0
CE,2023-08-08,0.0
CE,2023-11-07,0.0
CFG,2016-07-22,0.0
CFG,2017-01-20,0.0
CFG,2018-01-19,0.0
CFG,2018-10-19,0.0
CFG,2021-07-20,0.0
CFG,2023-01-17,0.0
CHD,2022-01-28,0.0
CHD,2023-04-27,2.0
CHD,2023-11-03,0.0
CHRW,2018-05-02,0.0
CHRW,2019-01-30,0.0
CHRW,2021-10-26,0.0
CHRW,2022-02-02,0.0
CHTR,2017-10-26,0.0
CHTR,2019-04-30,0.0
CHTR,2023-04-28,0.0
CI,2015-02-05,0.0
CI,2017-05-05,1.0
CI,2017-11-02,1.0
CI,2018-02-01,2.0
CI,2018-11-01,0.0
CI,2019-02-01,0.0
CI,2019-08-01,1.0
CI,2019-10-31,0.0
CI,2020-02-06,0.0
CI,2020-11-05,0.0
CI,2021-11-04,2.0
CI,2022-11-03,0.0
CI,2023-11-02,1.0
CL,2015-01-29,0.0
CL,2019-01-25,0.0
CL,2019-07-26,0.0
CL,2020-10-30,0.0
CL,2021-10-29,0.0
CL,2023-07-28,1.0
CL,2023-10-27,1.0
CLX,2016-05-03,0.0
CLX,2021-04-30,0.0
CLX,2022-05-02,0.0
CLX,2023-02-02,1.0
CLX,2023-05-02,0.0
CME,2015-02-05,0.0
CME,2015-07-30,0.0
CME,2016-04-28,0.0
CME,2018-02-02,0.0
CMG,2018-07-26,0.0
CMG,2022-02-08,0.0
CMG,2023-04-25,0.0
CMI,2015-07-30,2.0
CMI,2017-08-05,2.0
CMI,2017-11-15,0.0
CMI,2018-05-06,2.0
CMI,2018-08-01,0.0
CMI,2018-11-14,1.0
CMI,2019-01-29,0.0
CMI,2019-11-13,0.0
CMI,2021-11-02,0.0
CMI,2022-02-03,0.0
CMI,2022-11-03,0.0
CMI,2023-02-06,0.0
CMI,2023-05-02,0.0
CMI,2023-11-02,0.0
CMS,2015-10-29,0.0
CMS,2018-10-25,0.0
CMS,2019-10-24,0.0
CMS,2020-10-29,0.0
CMS,2022-02-03,2.0
CMS,2022-05-03,0.0
CNP,2015-08-10,0.0
CNP,2016-02-26,0.0
CNP,2016-08-05,0.0
CNP,2018-02-23,2.0
CNP,2021-02-25,0.0
CNP,2022-08-02,0.0
CNP,2023-10-26,2.0
COF,2019-01-23,0.0
COF,2019-04-25,0.0
COF,2022-10-27,1.0
COO,2017-08-31,2.0
COO,2019-05-30,0.0
COO,2019-08-29,0.0
COO,2021-03-04,0.0
COO,2023-03-02,0.0
COO,2023-12-07,0.0
COP,2018-07-26,0.0
COP,2022-05-05,0.0
COR,2015-02-13,0.0
COR,2015-07-24,2.0
COR,2015-10-22,2.0
COR,2016-02-12,0.0
COR,2016-07-28,2.0
COR,2016-10-27,2.0
COR,2017-02-10,0.0
COR,2017-04-27,0.0
COR,2017-07-27,0.0
COR,2018-02-09,0.0
COR,2018-07-26,2.0
COR,2019-02-07,0.0
COR,2019-04-25,0.0
COR,2019-11-01,0.0
COR,2020-02-07,0.0
COR,2020-07-31,1.0
COR,2020-10-29,0.0
COR,2021-02-04,0.0
COR,2021-07-29,1.0
COR,2022-02-02,0.0
COR,2022-05-04,2.0
COR,2022-11-03,0.0
COR,2023-05-02,0.0
COR,2023-08-02,2.0
COR,2023-11-04,0.0
COST,2016-12-08,0.0
CPB,2015-11-24,1.0
CPB,2016-05-20,0.0
CPB,2020-03-04,0.0
CPB,2020-06-03,0.0
CPB,2020-09-03,0.0
CPB,2020-12-09,0.0
CPB,2021-06-09,0.0
CPB,2022-09-01,0.0
CPB,2022-12-07,2.0
CPB,2023-03-08,0.0
CPB,2023-08-31,0.0
CRM,2015-05-20,0.0
CRM,2015-08-20,0.0
CRM,2016-02-25,0.0
CRM,2016-05-18,0.0
CRM,2016-09-01,0.0
CRM,2016-11-17,0.0
CRM,2017-02-28,2.0
CRM,2018-02-28,2.0
CRM,2019-12-03,0.0
CRM,2020-05-29,0.0
CRM,2020-08-26,2.0
CRM,2020-12-01,2.0
CRM,2021-08-25,2.0
CRM,2021-11-30,2.0
CRM,2022-05-31,2.0
CRM,2022-11-30,0.0
CRM,2023-03-01,0.0
CRM,2023-05-31,0.0
CRM,2023-08-30,0.0
CRM,2023-11-29,2.0
CRWD,2022-08-30,0.0
CRWD,2023-08-30,0.0
CSX,2015-04-15,0.0
CSX,2018-07-18,0.0
CSX,2018-10-17,0.0
CSX,2019-07-16,0.0
CSX,2020-01-17,0.0
CSX,2021-04-20,0.0
CSX,2021-10-20,0.0
CSX,2022-04-20,0.0
CSX,2022-10-20,0.0
CSX,2023-01-25,0.0
CSX,2023-04-20,0.0
CSX,2023-07-20,0.0
CTAS,2015-03-18,2.0
CTAS,2015-09-24,0.0
CTAS,2015-12-21,1.0
CTAS,2016-09-27,1.0
CTAS,2017-03-22,0.0
CTAS,2017-07-21,0.0
CTAS,2017-09-26,0.0
CTAS,2017-12-21,1.0
CTAS,2018-03-22,2.0
CTAS,2018-09-25,1.0
CTAS,2018-12-20,2.0
CTAS,2019-12-17,0.0
CTAS,2020-07-23,0.0
CTAS,2020-09-23,0.0
CTAS,2021-09-29,2.0
CTAS,2021-12-22,0.0
CTAS,2022-07-14,0.0
CTAS,2023-03-29,2.0
CTAS,2023-12-21,0.0
CTSH,2015-05-04,0.0
CTSH,2017-11-01,0.0
CTSH,2018-02-07,1.0
CTSH,2019-02-06,0.0
CTSH,2019-05-03,-2.0
CTSH,2021-02-03,0.0
CTSH,2021-07-28,1.0
CTSH,2022-07-27,-2.0
CTSH,2022-11-02,0.0
CTSH,2023-02-02,0.0
CTSH,2023-05-03,0.0
CTSH,2023-08-02,0.0
CTSH,2023-11-01,-1.0
CTVA,2021-02-04,0.0
CTVA,2021-05-05,1.0
CTVA,2021-08-06,0.0
CTVA,2021-11-04,2.0
CTVA,2022-05-05,1.0
CTVA,2022-08-05,2.0
CTVA,2022-11-04,0.0
CTVA,2023-05-04,2.0
CTVA,2023-08-04,-1.0
CTVA,2023-11-09,-1.0
CVX,2021-10-29,0.0
CVX,2023-10-27,0.0
D,2019-11-01,0.0
D,2020-05-05,0.0
D,2022-02-11,0.0
DAL,2015-01-20,0.0
DAL,2016-01-19,1.0
DAL,2017-01-12,0.0
DAL,2018-01-11,0.0
DAL,2018-07-12,0.0
DAL,2019-01-15,0.0
DAL,2019-07-11,0.0
DAL,2019-10-10,1.0
DAL,2020-01-14,0.0
DAL,2022-07-13,0.0
DAL,2023-04-13,0.0
DAL,2023-07-13,2.0
DD,2021-05-04,2.0
DD,2021-08-03,2.0
DD,2023-11-01,0.0
DE,2015-05-22,0.0
DE,2017-08-18,1.0
DE,2019-08-16,-2.0
DE,2020-05-22,1.0
DE,2020-08-21,0.0
DECK,2019-07-26,2.0
DECK,2019-10-24,0.0
DECK,2020-01-30,2.0
DECK,2021-07-29,2.0
DECK,2021-10-28,0.0
DECK,2022-07-28,0.0
DECK,2022-10-27,0.0
DECK,2023-02-02,2.0
DELL,2019-08-30,2.0
DELL,2023-06-01,2.0
DGX,2015-01-29,0.0
DGX,2015-07-23,0.0
DGX,2016-01-28,0.0
DGX,2016-04-21,0.0
DGX,2016-07-21,0.0
DGX,2016-10-20,0.0
DGX,2017-01-26,0.0
DGX,2017-04-20,0.0
DGX,2017-07-25,1.0
DGX,2018-02-01,0.0
DGX,2019-02-14,0.0
DGX,2019-10-22,0.0
DGX,2020-10-22,2.0
DGX,2021-02-04,0.0
DGX,2021-04-22,0.0
DGX,2021-10-21,2.0
DGX,2022-10-20,0.0
DGX,2023-02-02,0.0
DGX,2023-04-27,0.0
DGX,2023-07-26,0.0
DGX,2023-10-24,0.0
DHI,2016-01-25,0.0
DHI,2016-11-08,0.0
DHI,2017-04-20,2.0
DHI,2017-07-26,0.0
DHI,2017-11-13,0.0
DHI,2018-04-26,1.0
DHI,2020-01-27,0.0
DHI,2020-11-10,1.0
DHI,2021-04-22,0.0
DHI,2023-04-20,0.0
DHR,2015-04-23,0.0
DHR,2016-10-20,2.0
DHR,2017-07-20,0.0
DHR,2017-10-19,2.0
DHR,2018-04-20,0.0
DHR,2018-10-18,2.0
DHR,2019-10-24,0.0
DHR,2020-01-30,0.0
DHR,2021-04-22,1.0
DHR,2023-01-24,0.0
DIS,2015-05-05,0.0
DIS,2023-08-09,0.0
DOV,2016-10-19,0.0
DOV,2017-04-20,2.0
DOV,2017-07-20,2.0
DOV,2017-10-19,0.0
DOV,2018-10-18,0.0
DOV,2019-10-17,1.0
DOV,2021-04-20,0.0
DOV,2022-07-21,1.0
DRI,2015-06-23,0.0
DRI,2016-06-30,0.0
DRI,2018-12-18,2.0
DRI,2019-03-21,0.0
DRI,2021-12-17,0.0
DTE,2015-02-13,0.0
DTE,2015-04-24,0.0
DTE,2015-07-24,2.0
DTE,2015-10-23,2.0
DTE,2016-04-26,0.0
DTE,2017-02-09,0.0
DTE,2017-04-26,0.0
DTE,2017-07-26,2.0
DTE,2017-10-25,0.0
DTE,2018-07-25,2.0
DTE,2018-10-24,2.0
DTE,2019-02-07,0.0
DTE,2019-10-28,0.0
DTE,2020-02-05,0.0
DTE,2021-07-27,0.0
DTE,2021-10-27,0.0
DTE,2022-02-10,2.0
DTE,2022-04-28,0.0
DTE,2022-07-28,2.0
DTE,2023-11-01,0.0
DUK,2015-05-01,0.0
DUK,2015-11-05,0.0
DUK,2016-02-18,0.0
DUK,2018-02-20,0.0
DUK,2018-11-02,0.0
DUK,2019-05-09,0.0
DUK,2020-02-13,0.0
DUK,2022-02-10,0.0
DUK,2022-11-04,0.0
DVA,2019-02-14,0.0
DVA,2020-07-30,2.0
DVA,2020-10-29,0.0
DVA,2022-02-10,0.0
DVA,2023-11-07,1.0
DVN,2018-05-02,2.0
DXC,2021-02-04,0.0
DXC,2021-05-26,0.0
DXC,2021-11-03,0.0
DXC,2023-02-01,0.0
DXC,2023-05-18,0.0
EA,2017-01-31,2.0
EA,2017-10-31,2.0
EA,2018-01-30,0.0
EA,2020-11-05,2.0
EBAY,2015-07-16,0.0
EBAY,2016-04-26,1.0
EBAY,2017-01-25,0.0
EBAY,2017-07-20,0.0
EBAY,2019-10-23,1.0
EBAY,2021-02-03,0.0
EBAY,2021-10-27,0.0
EBAY,2022-02-23,0.0
EBAY,2022-08-03,0.0
ECL,2017-02-21,0.0
ECL,2018-02-20,1.0
ECL,2018-05-01,0.0
ECL,2019-04-30,0.0
ECL,2019-10-29,0.0
ECL,2021-10-26,0.0
ECL,2023-05-02,0.0
EFX,2015-04-23,0.0
EFX,2015-10-22,0.0
EFX,2016-02-11,0.0
EFX,2016-07-31,2.0
EFX,2016-10-27,0.0
EFX,2017-07-30,2.0
EFX,2019-07-25,0.0
EFX,2019-10-24,1.0
EFX,2020-02-13,0.0
EFX,2021-04-22,2.0
EFX,2021-07-22,2.0
EFX,2021-10-21,2.0
EFX,2022-02-10,1.0
EL,2021-11-02,0.0
EMN,2017-01-27,0.0
EMN,2017-07-28,1.0
EMN,2018-04-27,0.0
EMN,2019-07-26,0.0
EMN,2021-04-30,1.0
EMN,2022-04-29,1.0
EMN,2023-04-28,2.0
EMR,2017-05-02,1.0
EMR,2017-08-01,1.0
EMR,2019-05-07,0.0
EMR,2019-08-06,-2.0
EMR,2021-05-05,2.0
EMR,2021-08-04,1.0
EMR,2023-05-03,0.0
EMR,2023-08-02,0.0
EQR,2015-02-04,0.0
EQR,2017-02-01,0.0
EQR,2019-01-30,0.0
EQR,2019-05-01,0.0
EQR,2021-04-28,1.0
EQR,2021-07-28,1.0
EQR,2022-07-27,0.0
EQR,2023-04-26,0.0
ES,2020-02-20,0.0
ESS,2015-07-31,1.0
ESS,2015-10-30,0.0
ESS,2016-02-05,0.0
ESS,2016-10-28,0.0
ESS,2017-04-28,0.0
ESS,2018-05-06,1.0
ESS,2018-08-03,0.0
ESS,2018-10-29,0.0
ESS,2019-07-25,1.0
ESS,2019-10-26,2.0
ESS,2021-04-28,0.0
ETN,2015-02-03,0.0
ETN,2016-04-29,0.0
ETN,2016-11-01,0.0
ETN,2018-07-31,0.0
ETN,2019-10-29,0.0
ETN,2021-05-04,2.0
ETN,2021-08-03,2.0
ETN,2021-11-02,0.0
ETN,2022-05-03,2.0
ETN,2022-08-02,2.0
ETN,2022-11-01,0.0
ETN,2023-02-08,0.0
ETN,2023-05-02,2.0
ETN,2023-08-01,2.0
ETN,2023-10-31,2.0
ETR,2019-10-30,0.0
ETR,2020-10-28,0.0
ETR,2021-08-04,0.0
EVRG,2018-11-10,0.0
EVRG,2021-02-26,0.0
EVRG,2021-05-08,0.0
EVRG,2022-05-05,0.0
EVRG,2022-08-06,0.0
EVRG,2023-11-07,-1.0
EW,2015-02-03,-2.0
EW,2016-10-26,0.0
EW,2017-10-24,0.0
EW,2018-02-01,1.0
EW,2019-04-23,2.0
EW,2020-01-31,0.0
EW,2020-10-22,0.0
EW,2021-01-27,0.0
EW,2021-04-20,1.0
EW,2022-01-26,0.0
EW,2023-07-26,1.0
EW,2023-10-26,2.0
EXC,2023-02-14,0.0
EXPE,2019-07-25,0.0
EXPE,2019-11-06,-2.0
EXPE,2020-02-13,0.0
EXPE,2022-05-02,0.0
EXR,2017-11-05,2.0
EXR,2018-05-07,1.0
EXR,2018-10-31,0.0
EXR,2019-07-31,2.0
EXR,2021-04-29,1.0
EXR,2021-07-28,0.0
EXR,2022-02-24,0.0
EXR,2022-05-04,2.0
EXR,2022-08-03,2.0
EXR,2023-02-23,0.0
EXR,2023-05-03,0.0
EXR,2023-11-08,1.0
F,2015-01-29,2.0
FANG,2020-02-19,0.0
FAST,2016-04-12,0.0
FDS,2021-06-29,0.0
FDS,2022-09-22,0.0
FDS,2022-12-20,0.0
FDS,2023-06-22,0.0
FDS,2023-12-19,-2.0
FDX,2015-06-17,0.0
FDX,2018-03-20,0.0
FDX,2018-06-19,0.0
FDX,2018-09-17,2.0
FDX,2022-06-23,0.0
FFIV,2015-07-22,0.0
FFIV,2018-01-24,0.0
FFIV,2020-07-27,0.0
FFIV,2022-10-25,0.0
FFIV,2023-04-19,0.0
FIS,2015-04-30,0.0
FIS,2016-07-26,2.0
FIS,2017-10-31,0.0
FIS,2019-02-12,0.0
FIS,2019-04-30,2.0
FIS,2019-08-06,2.0
FIS,2019-11-05,2.0
FIS,2020-02-13,2.0
FIS,2020-08-04,0.0
FIS,2021-02-09,0.0
FIS,2021-05-06,2.0
FIS,2021-08-03,0.0
FIS,2021-11-04,0.0
FIS,2022-02-15,0.0
FIS,2022-05-03,0.0
FIS,2022-11-03,0.0
FIS,2023-04-27,2.0
FIS,2023-08-02,0.0
FIS,2023-11-07,0.0
FITB,2015-10-20,1.0
FITB,2017-07-21,1.0
FITB,2018-07-19,2.0
FITB,2018-10-23,0.0
FITB,2019-01-22,2.0
FITB,2020-10-22,0.0
FITB,2023-07-20,0.0
FLS,2017-05-02,0.0
FLS,2017-11-02,2.0
FLS,2018-11-08,0.0
FLS,2021-08-06,0.0
FMC,2015-02-05,0.0
FMC,2017-08-02,0.0
FMC,2019-10-30,0.0
FMC,2020-02-06,0.0
FMC,2020-11-03,2.0
FMC,2021-02-10,1.0
FMC,2022-02-09,0.0
FMC,2022-05-03,0.0
FMC,2023-05-02,0.0
FMC,2023-08-03,0.0
FMC,2023-10-31,0.0
FRT,2021-11-04,2.0
FRT,2022-08-04,2.0
FSLR,2015-10-29,0.0
FSLR,2016-04-27,0.0
FSLR,2021-07-29,0.0
FTI,2018-02-22,0.0
FTI,2019-07-25,2.0
FTI,2021-04-28,0.0
FTI,2021-07-22,0.0
FTNT,2020-05-11,0.0
FTNT,2021-02-04,0.0
FTNT,2021-04-29,1.0
FTNT,2022-11-02,0.0
FTNT,2023-02-07,0.0
FTNT,2023-11-02,0.0
FTV,2017-04-27,2.0
FTV,2017-07-27,0.0
FTV,2017-10-27,0.0
FTV,2018-07-26,0.0
FTV,2019-04-26,0.0
FTV,2019-07-25,0.0
FTV,2021-05-01,0.0
FTV,2021-07-30,2.0
FTV,2022-02-03,0.0
FTV,2022-04-28,0.0
FTV,2022-07-28,2.0
FTV,2022-10-26,0.0
FTV,2023-02-01,0.0
FTV,2023-04-26,2.0
FTV,2023-07-26,2.0
FTV,2023-10-25,0.0
GE,2015-10-16,0.0
GE,2016-01-22,0.0
GE,2017-04-21,0.0
GE,2023-07-25,0.0
GEN,2017-05-10,0.0
GEN,2018-02-01,0.0
GEN,2019-01-31,2.0
GEN,2020-08-06,0.0
GIS,2016-09-21,0.0
GIS,2016-12-20,0.0
GIS,2017-06-28,0.0
GIS,2019-03-20,0.0
GIS,2019-12-18,0.0
GIS,2020-03-18,1.0
GIS,2023-12-20,0.0
GLW,2017-10-24,0.0
GLW,2018-07-25,2.0
GLW,2020-01-29,0.0
GLW,2020-07-28,0.0
GLW,2021-01-27,0.0
GLW,2021-10-26,0.0
GLW,2022-04-26,2.0
GLW,2023-01-31,0.0
GLW,2023-07-25,0.0
GOOG,2017-10-27,0.0
GPC,2015-02-17,1.0
GPC,2015-04-21,0.0
GPC,2016-07-19,0.0
GPC,2016-10-19,-1.0
GPC,2017-04-19,2.0
GPC,2017-07-20,0.0
GPC,2017-10-19,2.0
GPC,2018-07-19,1.0
GPC,2018-10-18,0.0
GPC,2021-04-22,2.0
GPC,2021-07-22,2.0
GPC,2021-10-21,2.0
GPC,2022-04-21,1.0
GPC,2022-07-27,1.0
GPC,2022-10-20,0.0
GPC,2023-04-20,0.0
GPC,2023-07-20,1.0
GPN,2016-04-06,0.0
GPN,2016-10-05,0.0
GPN,2018-10-30,1.0
GPN,2019-10-31,0.0
GPN,2020-02-29,0.0
GPN,2020-05-06,0.0
GPN,2020-10-29,0.0
GPN,2021-05-04,1.0
GPN,2021-08-02,0.0
GPN,2021-11-02,1.0
GPN,2022-02-10,0.0
GPN,2022-05-02,0.0
GPN,2022-10-31,0.0
GPN,2023-02-10,0.0
GPN,2023-05-01,1.0
GPN,2023-08-01,0.0
GRMN,2016-10-26,2.0
GRMN,2017-02-22,0.0
GRMN,2017-08-02,0.0
GRMN,2018-02-21,0.0
GRMN,2019-02-20,0.0
GRMN,2019-05-01,0.0
GRMN,2021-07-28,1.0
GRMN,2022-07-27,1.0
GRMN,2023-08-02,2.0
GS,2015-01-16,0.0
GS,2018-04-17,0.0
GWW,2015-01-26,-2.0
GWW,2018-04-19,0.0
GWW,2018-07-18,0.0
GWW,2020-10-22,0.0
GWW,2022-02-03,0.0
GWW,2022-04-28,1.0
GWW,2022-07-29,2.0
GWW,2023-04-27,0.0
GWW,2023-07-27,2.0
GWW,2023-10-26,0.0
HAL,2022-10-25,1.0
HAL,2023-10-24,1.0
HAS,2017-02-06,0.0
HAS,2017-07-24,1.0
HAS,2019-02-08,1.0
HAS,2021-04-27,0.0
HAS,2021-07-26,1.0
HAS,2022-02-07,2.0
HAS,2022-04-19,1.0
HAS,2022-07-19,-1.0
HBAN,2018-04-24,0.0
HBAN,2020-10-22,0.0
HBAN,2022-04-21,0.0
HBAN,2022-07-21,0.0
HCA,2015-05-05,0.0
HCA,2016-07-28,0.0
HCA,2017-05-02,0.0
HCA,2017-07-25,-1.0
HCA,2018-01-30,0.0
HCA,2018-07-25,0.0
HCA,2018-10-30,0.0
HCA,2019-04-30,1.0
HCA,2019-07-30,1.0
HCA,2021-07-20,0.0
HCA,2021-10-22,1.0
HCA,2022-10-21,0.0
HCA,2023-04-21,1.0
HCA,2023-07-27,0.0
HCA,2023-10-24,0.0
HIG,2019-02-05,0.0
HIG,2019-05-02,0.0
HIG,2021-04-22,1.0
HIG,2023-02-03,1.0
HOG,2021-02-02,0.0
HOLX,2016-01-27,1.0
HOLX,2016-07-27,1.0
HOLX,2018-11-07,0.0
HOLX,2019-01-30,2.0
HOLX,2019-05-01,1.0
HOLX,2019-07-31,2.0
HOLX,2019-11-06,0.0
HOLX,2020-01-29,0.0
HOLX,2020-11-04,0.0
HOLX,2022-02-02,0.0
HOLX,2022-07-27,0.0
HOLX,2023-02-01,0.0
HOLX,2023-11-09,0.0
HPE,2018-05-22,2.0
HPE,2018-08-28,0.0
HPE,2019-02-21,1.0
HPE,2021-03-02,0.0
HPE,2023-03-02,2.0
HPQ,2020-02-24,2.0
HPQ,2021-02-25,1.0
HPQ,2021-05-27,1.0
HPQ,2023-08-29,0.0
HPQ,2023-11-21,0.0
HRL,2015-11-24,0.0
HRL,2016-11-22,0.0
HRL,2018-08-23,0.0
HRL,2018-11-20,0.0
HSIC,2016-11-02,0.0
HSIC,2018-08-06,0.0
HSIC,2019-11-05,0.0
HSIC,2021-08-03,2.0
HSIC,2022-02-15,0.0
HST,2015-04-30,0.0
HST,2019-05-02,2.0
HST,2019-11-06,0.0
HST,2023-05-05,0.0
HUM,2017-05-03,2.0
HUM,2017-08-02,2.0
HUM,2017-11-08,2.0
HUM,2018-11-07,2.0
HUM,2019-02-06,0.0
HUM,2019-05-01,2.0
HUM,2019-07-31,0.0
HUM,2019-11-06,1.0
HUM,2021-04-28,0.0
HUM,2021-11-03,-1.0
HUM,2022-04-27,0.0
HUM,2022-07-27,0.0
HUM,2022-11-02,1.0
HUM,2023-04-26,0.0
ICE,2015-08-05,0.0
ICE,2018-08-02,0.0
ICE,2019-02-07,0.0
ICE,2022-11-03,0.0
INCY,2018-07-31,0.0
INCY,2018-10-30,0.0
INCY,2022-02-08,0.0
INCY,2022-05-03,1.0
INTC,2015-01-22,0.0
INTC,2015-04-23,0.0
INTC,2015-10-13,0.0
INTC,2017-04-27,0.0
INTC,2017-10-26,2.0
INTC,2018-01-25,0.0
INTC,2018-07-26,2.0
INTC,2020-07-23,2.0
INTC,2023-10-26,0.0
KEY,2016-07-26,0.0
KEY,2017-01-19,0.0
KEY,2017-10-19,0.0
KEY,2018-01-18,0.0
KEY,2018-04-19,0.0
KEY,2018-10-18,0.0
KEY,2022-04-21,0.0
KEY,2022-10-20,0.0
KEY,2023-10-19,0.0
KHC,2018-11-02,0.0
KHC,2020-10-29,2.0
KIM,2015-05-07,2.0
KIM,2016-02-03,0.0
KIM,2019-05-02,0.0
KIM,2021-04-29,1.0
KLAC,2015-07-30,0.0
KLAC,2017-07-27,2.0
KLAC,2017-10-26,0.0
KLAC,2018-10-29,0.0
KLAC,2020-05-05,2.0
KLAC,2020-08-03,1.0
KLAC,2021-07-30,0.0
KLAC,2022-01-27,1.0
KLAC,2023-10-25,0.0
KMB,2015-04-21,0.0
KMB,2016-07-25,0.0
KMB,2016-10-24,-2.0
KMB,2019-01-23,0.0
KMB,2019-04-22,1.0
KMB,2019-07-23,2.0
KMB,2020-10-22,2.0
KMB,2021-01-25,0.0
KMB,2023-04-25,2.0
KMB,2023-07-25,0.0
KMB,2023-10-24,0.0
KMI,2016-10-20,0.0
KMI,2019-10-16,0.0
KMI,2020-04-22,0.0
KMI,2022-07-20,2.0
KO,2016-10-26,0.0
KO,2017-07-26,0.0
KO,2018-02-16,1.0
KO,2018-04-24,0.0
KO,2018-07-25,0.0
KO,2019-07-23,1.0
KO,2019-10-18,2.0
KO,2021-02-10,0.0
KO,2021-07-21,0.0
KO,2021-10-27,0.0
KO,2022-02-10,0.0
KO,2022-07-26,0.0
KO,2023-10-24,1.0
KSS,2015-11-12,0.0
KSS,2018-05-22,0.0
KSS,2018-08-21,1.0
LDOS,2019-04-30,0.0
LDOS,2019-10-29,0.0
LDOS,2021-02-23,0.0
LDOS,2021-05-04,0.0
LDOS,2022-05-03,0.0
LDOS,2023-05-02,0.0
LDOS,2023-08-01,2.0
LDOS,2023-10-31,2.0
LEG,2015-05-01,1.0
LEG,2019-10-29,0.0
LEG,2021-08-03,0.0
LEN,2016-12-19,0.0
LEN,2021-03-17,2.0
LEN,2021-09-21,0.0
LH,2015-07-28,0.0
LH,2016-04-25,0.0
LH,2016-10-26,0.0
LH,2017-04-26,0.0
LH,2017-07-26,1.0
LH,2017-10-27,0.0
LH,2018-04-25,0.0
LH,2018-07-25,0.0
LH,2021-04-29,0.0
LH,2022-10-27,0.0
LH,2023-04-25,0.0
LH,2023-07-27,0.0
LH,2023-10-26,0.0
LMT,2015-04-21,2.0
LMT,2015-07-20,2.0
LMT,2015-10-20,2.0
LMT,2016-04-26,2.0
LMT,2016-10-25,2.0
LMT,2017-07-18,2.0
LMT,2017-10-24,1.0
LMT,2018-04-24,2.0
LMT,2018-07-24,2.0
LMT,2018-10-23,2.0
LMT,2019-01-29,2.0
LMT,2019-04-23,2.0
LMT,2019-07-24,2.0
LMT,2019-10-22,0.0
LMT,2020-01-28,2.0
LMT,2020-04-21,1.0
LMT,2020-07-21,2.0
LMT,2020-10-20,1.0
LMT,2021-04-20,0.0
LMT,2023-07-18,2.0
LNC,2017-11-02,0.0
LNC,2018-02-01,1.0
LNC,2018-05-03,0.0
LNC,2019-02-07,0.0
LNC,2020-02-06,1.0
LNC,2021-11-04,0.0
LNT,2016-11-04,1.0
LNT,2017-11-05,1.0
LNT,2018-11-07,0.0
LNT,2019-11-07,0.0
LNT,2020-11-03,2.0
LNT,2022-11-08,0.0
LOW,2015-05-20,0.0
LOW,2016-02-24,0.0
LOW,2017-08-23,0.0
LOW,2018-02-28,0.0
LOW,2018-05-23,0.0
LOW,2021-08-18,1.0
LOW,2022-02-23,2.0
LOW,2022-11-16,0.0
LRCX,2015-07-29,0.0
LRCX,2017-04-19,0.0
LRCX,2017-10-17,2.0
LRCX,2018-04-17,0.0
LYB,2019-04-26,0.0
M,2018-08-15,2.0
M,2018-11-14,0.0
MCK,2017-10-26,0.0
MCK,2018-02-01,2.0
MCK,2018-05-24,0.0
MCK,2020-02-04,2.0
MCK,2020-11-03,2.0
MCK,2021-08-04,0.0
MCK,2021-11-01,0.0
MCK,2022-08-03,0.0
MCK,2022-11-01,2.0
MCK,2023-02-01,2.0
MCK,2023-05-08,0.0
MCK,2023-08-02,0.0
MCK,2023-11-01,0.0
MCO,2015-02-06,0.0
MCO,2016-04-29,2.0
MCO,2017-07-21,0.0
MCO,2017-11-03,0.0
MCO,2018-04-28,0.0
MCO,2019-10-30,0.0
MCO,2020-07-31,2.0
MCO,2020-10-30,2.0
MCO,2021-02-12,0.0
MCO,2021-04-28,2.0
MCO,2021-07-28,2.0
MCO,2021-10-28,0.0
MCO,2022-02-10,0.0
MCO,2022-05-02,1.0
MDT,2015-12-04,0.0
MDT,2016-05-31,0.0
MDT,2016-08-25,0.0
MDT,2016-11-22,0.0
MDT,2017-11-21,0.0
MDT,2018-08-21,2.0
MDT,2018-11-20,0.0
MDT,2019-02-19,0.0
MDT,2019-08-20,0.0
MDT,2021-05-27,0.0
MDT,2023-02-21,2.0
MDT,2023-05-25,0.0
MDT,2023-08-22,2.0
MDT,2023-12-08,0.0
MGM,2017-11-08,0.0
MGM,2019-02-13,0.0
MHK,2017-07-28,0.0
MHK,2018-04-27,0.0
MHK,2018-07-26,0.0
MHK,2018-10-26,0.0
MHK,2019-02-08,0.0
MHK,2020-02-14,0.0
MHK,2021-07-30,0.0
MKC,2015-07-01,1.0
MKC,2016-01-28,0.0
MKC,2016-06-30,1.0
MKC,2016-09-30,2.0
MKC,2017-01-25,1.0
MKC,2017-09-28,2.0
MKC,2018-01-25,0.0
MKC,2018-03-27,0.0
MKC,2018-06-28,1.0
MKC,2018-09-27,0.0
MKC,2019-03-26,0.0
MKC,2019-06-27,1.0
MKC,2019-10-01,-1.0
MKC,2020-01-28,0.0
MKC,2021-01-28,0.0
MKC,2021-03-30,1.0
MKC,2021-07-01,2.0
MKC,2022-01-27,0.0
MKC,2022-03-29,0.0
MKC,2023-06-29,1.0
MKTX,2023-07-20,0.0
MLM,2017-08-01,0.0
MLM,2018-07-28,0.0
MLM,2019-07-30,0.0
MLM,2023-02-15,1.0
MLM,2023-07-27,0.0
MLM,2023-11-01,0.0
MMM,2018-04-24,-1.0
MMM,2018-10-23,0.0
MRK,2019-04-30,2.0
MRK,2020-07-31,0.0
MRK,2021-07-29,2.0
MRK,2022-07-28,2.0
MRK,2023-08-01,1.0
MS,2015-04-20,0.0
MS,2021-01-20,0.0
MSCI,2020-10-27,0.0
MSCI,2021-04-27,0.0
MSCI,2021-07-27,0.0
MSCI,2022-10-25,0.0
MSI,2018-05-03,0.0
MSI,2019-02-07,0.0
MSI,2019-08-01,0.0
MSI,2019-10-30,0.0
MSI,2020-08-06,0.0
MSI,2023-08-03,0.0
MSI,2023-11-02,0.0
MTB,2022-04-20,0.0
MTB,2023-04-17,0.0
MTD,2017-05-04,0.0
MTD,2018-02-08,0.0
MTD,2018-07-27,0.0
MTD,2018-11-11,0.0
MTD,2021-02-04,0.0
MTD,2021-05-09,1.0
MTD,2022-05-05,1.0
MTD,2022-11-05,0.0
MU,2016-10-04,2.0
NCLH,2018-05-02,2.0
NCLH,2018-08-09,2.0
NCLH,2018-11-08,0.0
NCLH,2019-05-09,2.0
NCLH,2022-05-10,0.0
NCLH,2023-02-28,0.0
NCLH,2023-08-01,2.0
NCLH,2023-11-01,0.0
NDAQ,2016-10-26,0.0
NDAQ,2018-04-25,0.0
NDAQ,2021-04-21,0.0
NDAQ,2023-10-18,0.0
NKE,2015-09-24,0.0
NKE,2017-12-21,0.0
NKE,2023-06-29,0.0
NKE,2023-09-28,0.0
NOC,2016-10-26,0.0
NOC,2017-04-26,0.0
NOC,2017-07-26,0.0
NOC,2018-04-25,0.0
NOC,2019-10-24,1.0
NOC,2020-07-30,1.0
NOC,2021-01-28,0.0
NOC,2021-04-29,0.0
NOC,2021-07-29,1.0
NOC,2021-10-28,2.0
NOC,2023-04-27,0.0
NOC,2023-07-27,1.0
NOC,2023-10-26,1.0
NOW,2020-04-29,0.0
NOW,2023-10-25,0.0
NRG,2020-05-12,0.0
NRG,2020-08-09,2.0
NRG,2020-11-05,1.0
NRG,2022-11-07,0.0
NRG,2023-11-02,0.0
NSC,2017-10-25,0.0
NSC,2019-01-24,0.0
NSC,2019-04-24,0.0
NSC,2019-07-24,0.0
NSC,2019-10-23,-1.0
NSC,2020-01-29,0.0
NSC,2020-10-28,0.0
NSC,2021-10-27,1.0
NSC,2022-01-26,0.0
NSC,2022-04-27,0.0
NTAP,2015-08-19,2.0
NTAP,2016-08-17,0.0
NTAP,2016-11-16,0.0
NTAP,2017-05-24,0.0
NTAP,2018-02-15,1.0
NTAP,2018-05-23,0.0
NTAP,2018-08-16,0.0
NTAP,2020-05-27,0.0
NTAP,2021-02-25,0.0
NTAP,2021-06-02,0.0
NTAP,2021-11-30,0.0
NTRS,2018-07-18,0.0
NTRS,2019-07-24,0.0
NUE,2016-01-28,0.0
NUE,2020-10-22,1.0
NUE,2021-07-22,1.0
NVDA,2021-11-18,1.0
NWL,2015-07-31,0.0
NWL,2019-05-03,0.0
NWL,2019-08-02,1.0
NWL,2019-11-01,1.0
NWL,2020-10-30,0.0
NWL,2021-02-15,1.0
NWL,2021-04-30,0.0
NWL,2021-10-29,1.0
NWL,2022-02-11,1.0
NWL,2022-04-29,0.0
NWL,2023-07-28,1.0
NWL,2023-10-27,0.0
NWS,2023-11-09,0.0
NWSA,2023-11-09,0.0
O,2015-04-30,0.0
O,2015-10-29,0.0
O,2016-04-27,0.0
O,2016-07-28,0.0
O,2018-08-02,0.0
O,2020-11-03,0.0
ODFL,2019-07-25,0.0
ODFL,2019-10-24,0.0
ODFL,2021-02-04,0.0
ODFL,2022-10-26,0.0
OKE,2018-08-01,2.0
OKE,2018-10-31,0.0
OKE,2019-07-31,1.0
OKE,2019-10-30,0.0
OKE,2020-02-25,0.0
OKE,2021-02-23,0.0
OKE,2021-04-28,2.0
OKE,2021-08-04,2.0
OKE,2021-11-03,2.0
OKE,2022-03-01,0.0
ORCL,2016-03-15,0.0
ORCL,2016-06-16,0.0
ORCL,2016-12-15,0.0
ORCL,2018-06-19,0.0
ORCL,2019-06-19,0.0
ORCL,2021-06-15,0.0
ORCL,2021-12-09,0.0
ORCL,2022-06-13,0.0
ORLY,2015-02-05,0.0
ORLY,2015-04-23,1.0
ORLY,2016-07-31,2.0
ORLY,2017-10-26,0.0
ORLY,2018-02-08,0.0
ORLY,2019-04-25,0.0
ORLY,2019-10-25,0.0
ORLY,2021-04-29,1.0
ORLY,2021-10-28,1.0
ORLY,2022-02-10,0.0
ORLY,2023-07-27,2.0
ORLY,2023-10-26,0.0
OXY,2021-05-11,2.0
OXY,2021-11-05,0.0
PANW,2019-11-25,0.0
PANW,2020-02-24,-1.0
PANW,2020-11-16,1.0
PANW,2021-02-23,2.0
PANW,2021-11-19,0.0
PANW,2022-05-20,2.0
PANW,2022-11-17,1.0
PANW,2023-02-21,0.0
PANW,2023-05-23,0.0
PAYX,2015-07-01,0.0
PAYX,2015-09-30,0.0
PAYX,2015-12-22,0.0
PAYX,2016-03-30,0.0
PAYX,2016-09-28,0.0
PAYX,2016-12-21,0.0
PAYX,2017-03-29,-1.0
PAYX,2018-06-27,0.0
PAYX,2018-10-02,1.0
PAYX,2018-12-19,0.0
PAYX,2019-06-26,0.0
PAYX,2019-10-02,1.0
PAYX,2019-12-18,0.0
PAYX,2020-03-25,0.0
PAYX,2020-10-06,0.0
PAYX,2020-12-23,0.0
PAYX,2021-04-06,1.0
PAYX,2021-09-30,1.0
PAYX,2021-12-22,0.0
PAYX,2022-06-29,0.0
PAYX,2022-12-22,1.0
PAYX,2023-03-29,0.0
PAYX,2023-06-29,0.0
PAYX,2023-09-27,0.0
PAYX,2023-12-21,1.0
PCAR,2015-04-21,0.0
PCAR,2018-04-24,0.0
PCAR,2018-07-24,0.0
PCAR,2019-07-23,0.0
PCAR,2019-10-22,0.0
PCAR,2020-01-28,0.0
PCAR,2022-10-25,0.0
PCAR,2023-04-25,0.0
PEG,2021-08-03,2.0
PEP,2015-02-11,0.0
PEP,2015-10-06,2.0
PEP,2017-02-15,0.0
PEP,2017-10-04,1.0
PEP,2022-04-26,2.0
PEP,2023-04-25,2.0
PFG,2017-07-28,0.0
PFG,2019-04-26,1.0
PGR,2023-05-03,0.0
PH,2016-04-26,2.0
PH,2017-11-02,0.0
PH,2018-02-01,2.0
PH,2018-04-26,2.0
PH,2018-08-02,0.0
PH,2018-11-01,0.0
PH,2019-01-31,0.0
PH,2019-05-02,0.0
PH,2019-08-01,0.0
PH,2021-04-29,2.0
PH,2022-05-05,0.0
PH,2023-02-02,2.0
PH,2023-05-04,2.0
PH,2023-08-03,0.0
PH,2023-11-02,2.0
PHM,2016-10-20,0.0
PHM,2017-10-24,0.0
PHM,2018-07-26,2.0
PHM,2023-04-25,0.0
PKG,2023-07-25,0.0
PLD,2016-07-28,1.0
PLD,2016-10-27,1.0
PLD,2017-07-18,1.0
PLD,2017-10-29,0.0
PLD,2018-04-17,1.0
PLD,2018-07-26,2.0
PLD,2018-10-16,2.0
PLD,2019-04-25,2.0
PLD,2021-04-30,0.0
PLD,2022-04-28,2.0
PLD,2023-07-18,2.0
PM,2016-04-19,2.0
PM,2016-07-19,2.0
PM,2019-07-18,2.0
PM,2021-04-20,1.0
PM,2021-07-20,2.0
PM,2022-10-20,2.0
PNC,2016-04-14,0.0
PNC,2017-01-13,0.0
PNC,2017-07-14,0.0
PNC,2017-10-13,0.0
PNC,2018-07-13,0.0
PNC,2019-01-16,0.0
PNC,2019-04-12,0.0
PNC,2021-10-15,0.0
PNC,2022-07-15,0.0
PNR,2017-07-25,0.0
PNR,2017-10-24,0.0
PNR,2018-07-25,0.0
PNR,2018-10-23,0.0
PNR,2021-01-28,0.0
PNR,2021-07-27,0.0
PNR,2022-02-01,0.0
PNR,2022-04-21,0.0
PNR,2022-07-26,0.0
PNR,2023-07-27,2.0
PNR,2023-10-24,0.0
PNW,2015-10-30,1.0
PNW,2016-08-02,0.0
PNW,2017-11-03,0.0
PNW,2020-08-08,0.0
PNW,2021-05-05,0.0
PNW,2021-11-05,0.0
PNW,2022-02-25,1.0
PNW,2023-02-27,0.0
PNW,2023-11-02,1.0
PRGO,2015-10-22,0.0
PRGO,2017-08-10,2.0
PRGO,2017-11-09,2.0
PRGO,2018-03-04,0.0
PRGO,2018-05-08,2.0
PRGO,2018-11-08,0.0
PRGO,2019-11-06,2.0
PRGO,2021-05-11,1.0
PRU,2019-02-07,0.0
PRU,2023-08-02,2.0
PSA,2021-08-04,2.0
PSA,2021-11-02,0.0
PSA,2023-05-04,2.0
PSA,2023-10-31,0.0
PVH,2018-03-29,0.0
PVH,2018-05-31,0.0
PVH,2018-08-30,0.0
PVH,2019-05-30,0.0
PVH,2021-06-03,2.0
PVH,2021-12-02,2.0
PVH,2022-08-31,0.0
PWR,2017-05-07,2.0
PWR,2019-02-21,1.0
PWR,2019-05-02,0.0
PWR,2020-02-27,0.0
PWR,2020-10-29,2.0
PWR,2021-02-25,0.0
PWR,2021-05-06,0.0
PWR,2021-08-05,0.0
PWR,2023-05-04,0.0
PWR,2023-08-03,1.0
PYPL,2016-10-20,2.0
PYPL,2017-01-26,2.0
PYPL,2019-07-24,-1.0
PYPL,2020-11-03,2.0
PYPL,2021-05-05,2.0
PYPL,2022-02-01,0.0
PYPL,2022-04-27,0.0
PYPL,2022-08-02,0.0
PYPL,2022-11-03,-2.0
PYPL,2023-02-09,0.0
PYPL,2023-05-08,1.0
PYPL,2023-08-02,0.0
QCOM,2015-04-22,0.0
QCOM,2020-07-29,2.0
QCOM,2020-11-04,0.0
QCOM,2021-07-28,0.0
QCOM,2022-04-27,0.0
QCOM,2022-11-02,0.0
QRVO,2016-11-03,0.0
QRVO,2017-02-01,0.0
QRVO,2017-08-02,0.0
QRVO,2017-11-01,1.0
QRVO,2021-05-05,0.0
QRVO,2021-08-04,1.0
RCL,2016-10-28,1.0
RCL,2017-04-28,1.0
RCL,2017-08-01,2.0
RCL,2018-10-25,0.0
RCL,2023-02-07,0.0
REG,2018-05-01,1.0
REG,2018-10-26,0.0
REG,2019-05-03,0.0
REG,2022-05-04,0.0
REG,2023-05-05,0.0
REGN,2020-11-05,-1.0
REGN,2022-05-04,1.0
REGN,2023-05-04,0.0
RF,2015-07-21,0.0
RF,2016-07-19,1.0
RF,2017-01-20,0.0
RF,2018-10-23,0.0
RHI,2015-04-24,0.0
RHI,2015-07-23,0.0
RHI,2017-07-25,0.0
RHI,2017-10-24,0.0
RHI,2018-01-30,0.0
RHI,2018-04-24,0.0
RHI,2018-10-23,0.0
RHI,2019-01-29,0.0
RHI,2019-04-23,0.0
RHI,2021-01-28,0.0
RHI,2021-07-22,1.0
RJF,2021-07-22,0.0
RJF,2022-10-27,0.0
RL,2015-02-04,0.0
RL,2015-11-05,0.0
RL,2016-08-10,0.0
RL,2017-02-02,0.0
RL,2017-08-08,0.0
RL,2017-11-02,0.0
RL,2018-11-06,0.0
RL,2019-02-05,1.0
RL,2019-05-14,0.0
RL,2019-11-07,0.0
RL,2021-05-20,0.0
RL,2021-08-03,1.0
RL,2021-11-02,0.0
RL,2022-02-03,0.0
RL,2022-05-24,0.0
RL,2022-11-10,0.0
RL,2023-02-09,0.0
RL,2023-05-25,0.0
RL,2023-11-08,2.0
RMD,2018-10-25,0.0
ROK,2015-04-30,1.0
ROK,2017-01-25,-1.0
ROK,2017-04-26,0.0
ROK,2017-07-26,0.0
ROK,2018-01-24,0.0
ROK,2018-04-25,1.0
ROK,2018-07-25,1.0
ROK,2019-07-25,0.0
ROK,2020-11-10,0.0
ROK,2021-01-26,1.0
ROK,2021-04-28,0.0
ROK,2021-07-27,2.0
ROK,2022-05-03,-2.0
ROK,2023-01-26,1.0
ROK,2023-04-27,2.0
ROK,2023-08-01,1.0
ROL,2021-04-28,0.0
ROP,2015-10-26,0.0
ROP,2018-07-26,0.0
ROP,2019-10-24,0.0
ROP,2021-04-27,1.0
ROP,2022-04-26,0.0
ROP,2022-10-26,2.0
ROP,2023-04-27,2.0
ROP,2023-07-21,2.0
ROST,2016-05-18,1.0
ROST,2017-08-16,0.0
ROST,2022-08-17,0.0
ROST,2023-11-15,0.0
RSG,2015-07-24,2.0
RSG,2016-07-29,0.0
RSG,2017-07-28,2.0
RSG,2018-02-09,0.0
RSG,2019-04-26,0.0
RSG,2020-02-14,0.0
RSG,2020-11-05,2.0
RSG,2021-08-01,0.0
RSG,2021-10-28,2.0
RSG,2022-08-04,1.0
RSG,2023-10-26,2.0
SBUX,2015-04-24,1.0
SBUX,2015-07-24,0.0
SBUX,2017-04-27,0.0
SBUX,2019-10-30,0.0
SBUX,2020-01-28,2.0
SBUX,2021-01-27,2.0
SBUX,2021-07-27,1.0
SBUX,2023-11-02,0.0
SEE,2015-10-27,2.0
SEE,2016-04-28,0.0
SEE,2016-07-28,0.0
SEE,2018-05-03,1.0
SEE,2021-05-04,2.0
SEE,2021-08-03,2.0
SEE,2022-05-03,2.0
SHW,2017-01-26,0.0
SHW,2017-04-20,0.0
SHW,2018-07-24,2.0
SHW,2019-04-23,0.0
SHW,2019-10-22,0.0
SHW,2022-01-27,0.0
SHW,2022-04-26,0.0
SHW,2022-10-25,0.0
SHW,2023-07-25,0.0
SLB,2020-07-24,0.0
SLB,2021-04-23,1.0
SLB,2021-07-24,0.0
SLB,2022-01-22,0.0
SLB,2022-07-22,0.0
SLB,2022-10-21,0.0
SLB,2023-04-21,0.0
SLG,2017-10-19,0.0
SLG,2019-10-17,1.0
SMCI,2019-11-14,0.0
SMCI,2020-02-08,0.0
SMCI,2020-11-03,0.0
SMCI,2021-05-05,0.0
SMCI,2021-11-02,0.0
SMCI,2022-02-02,1.0
SMCI,2022-08-09,0.0
SMCI,2022-11-01,2.0
SNA,2017-10-19,0.0
SO,2022-02-17,0.0
SO,2022-07-28,1.0
SO,2023-02-16,0.0
SWK,2015-04-23,2.0
SWK,2015-07-30,1.0
SWK,2016-04-21,0.0
SWK,2017-10-24,2.0
SWK,2019-10-24,0.0
SWK,2021-04-28,0.0
SWK,2021-07-27,1.0
SWK,2021-10-28,2.0
SWK,2023-05-04,0.0
SWK,2023-10-27,0.0
SWKS,2015-01-22,0.0
SWKS,2015-11-05,0.0
SWKS,2016-07-21,0.0
SWKS,2016-11-03,2.0
SWKS,2017-01-19,0.0
SWKS,2017-04-27,0.0
SWKS,2017-07-20,0.0
SWKS,2017-11-06,0.0
SWKS,2018-02-06,0.0
SWKS,2018-07-19,0.0
SWKS,2018-11-08,0.0
SWKS,2019-02-05,0.0
SWKS,2020-01-23,0.0
SWKS,2020-07-23,0.0
SWKS,2020-11-02,0.0
SWKS,2022-05-03,0.0
SYK,2017-07-27,0.0
SYK,2017-10-26,0.0
SYK,2018-04-26,0.0
SYK,2018-07-27,0.0
SYK,2018-10-25,2.0
SYK,2019-04-25,0.0
SYK,2019-10-24,0.0
SYK,2020-02-07,0.0
SYK,2021-04-27,0.0
SYK,2021-07-27,1.0
SYK,2022-04-28,1.0
SYK,2022-07-26,2.0
SYK,2023-01-31,0.0
SYK,2023-05-01,2.0
SYK,2023-08-03,2.0
SYY,2016-02-01,0.0
SYY,2016-08-15,0.0
SYY,2016-11-07,0.0
SYY,2017-02-06,2.0
SYY,2017-08-14,0.0
SYY,2017-11-06,0.0
SYY,2018-02-05,0.0
SYY,2018-05-07,0.0
SYY,2018-08-13,0.0
SYY,2018-11-05,0.0
SYY,2019-08-12,-2.0
SYY,2020-02-03,0.0
SYY,2021-11-09,0.0
SYY,2022-02-08,1.0
SYY,2022-05-10,2.0
SYY,2022-08-09,0.0
SYY,2022-11-01,0.0
SYY,2023-01-31,-1.0
SYY,2023-08-01,0.0
SYY,2023-10-31,0.0
T,2019-07-24,2.0
TAP,2022-02-23,0.0
TAP,2022-05-03,0.0
TAP,2023-11-02,2.0
TECH,2020-02-04,0.0
TECH,2021-02-02,0.0
TECH,2022-08-06,0.0
TECH,2023-08-08,0.0
TFX,2019-05-03,0.0
TFX,2019-08-03,2.0
TFX,2019-10-31,1.0
TFX,2020-02-20,2.0
TFX,2021-07-29,0.0
TFX,2021-10-28,2.0
TFX,2022-02-24,0.0
TFX,2022-07-28,0.0
TFX,2023-05-06,1.0
TFX,2023-08-03,2.0
TGT,2017-11-15,0.0
TGT,2018-08-22,0.0
TGT,2021-05-19,0.0
TJX,2015-02-25,2.0
TJX,2017-11-14,2.0
TJX,2018-08-21,2.0
TJX,2019-08-20,0.0
TJX,2019-11-19,1.0
TJX,2022-11-16,2.0
TJX,2023-08-16,2.0
TMO,2015-01-29,0.0
TMO,2015-04-22,-2.0
TMO,2015-07-22,2.0
TMO,2015-10-21,2.0
TMO,2016-01-28,0.0
TMO,2016-04-28,2.0
TMO,2016-07-28,2.0
TMO,2016-10-27,2.0
TMO,2017-01-31,0.0
TMO,2017-04-26,2.0
TMO,2017-07-26,2.0
TMO,2017-10-25,0.0
TMO,2018-01-31,0.0
TMO,2018-04-25,2.0
TMO,2018-07-25,0.0
TMO,2018-10-24,2.0
TMO,2019-01-30,0.0
TMO,2019-04-24,2.0
TMO,2019-07-24,2.0
TMO,2019-10-23,2.0
TMO,2020-01-30,0.0
TMO,2020-10-21,0.0
TMO,2021-02-01,0.0
TMO,2021-07-28,2.0
TMO,2021-10-27,2.0
TMO,2022-02-02,2.0
TMO,2022-04-28,2.0
TMO,2022-07-28,2.0
TMO,2022-10-26,2.0
TMO,2023-02-01,0.0
TMO,2023-04-26,-1.0
TMO,2023-07-26,0.0
TMO,2023-10-25,-2.0
TMUS,2022-04-27,1.0
TMUS,2022-07-27,0.0
TMUS,2023-04-27,0.0
TMUS,2023-07-27,0.0
TMUS,2023-10-25,2.0
TPR,2016-04-26,0.0
TPR,2016-08-09,0.0
TPR,2018-10-30,0.0
TPR,2021-02-04,0.0
TPR,2021-05-06,0.0
TPR,2021-11-11,0.0
TSCO,2016-07-21,0.0
TSCO,2018-07-26,2.0
TSCO,2018-10-25,0.0
TSCO,2019-07-25,0.0
TSCO,2020-10-23,0.0
TSCO,2021-04-22,2.0
TSCO,2021-07-19,0.0
TSCO,2021-10-21,2.0
TSCO,2022-01-28,0.0
TSCO,2022-07-21,2.0
TSCO,2022-10-20,0.0
TSCO,2023-04-27,0.0
TSN,2016-02-05,0.0
TSN,2016-05-09,2.0
TSN,2017-02-06,2.0
TSN,2021-05-10,0.0
TSN,2022-11-14,0.0
TTWO,2019-08-05,2.0
TTWO,2021-02-08,0.0
TTWO,2023-02-06,0.0
TXN,2015-01-26,0.0
TXN,2017-07-25,0.0
TXN,2022-01-25,0.0
TXN,2023-07-25,0.0
UA,2016-04-21,2.0
UA,2018-07-26,0.0
UA,2020-10-30,0.0
UA,2021-02-10,0.0
UA,2021-05-04,0.0
UAL,2017-01-18,0.0
UAL,2018-04-18,0.0
UAL,2018-07-18,0.0
UAL,2018-10-17,0.0
UAL,2019-04-17,0.0
UAL,2023-07-20,2.0
UAL,2023-10-18,0.0
UHS,2015-02-27,2.0
UHS,2015-07-31,2.0
UHS,2016-10-30,0.0
UHS,2017-03-01,0.0
UHS,2017-07-26,0.0
UHS,2017-10-26,0.0
UHS,2020-02-27,0.0
UHS,2022-02-25,0.0
UHS,2023-04-26,0.0
UHS,2023-07-26,0.0
ULTA,2016-05-26,0.0
ULTA,2018-08-30,0.0
ULTA,2020-03-12,0.0
ULTA,2021-03-11,0.0
UNM,2016-04-28,0.0
UNM,2016-07-28,0.0
UNM,2017-07-28,2.0
UNM,2018-05-02,0.0
UNM,2018-10-25,0.0
UNM,2021-08-04,0.0
UNP,2017-04-27,0.0
UNP,2021-07-22,2.0
UNP,2022-04-21,0.0
UPS,2015-07-28,0.0
UPS,2016-07-30,0.0
UPS,2017-07-27,0.0
UPS,2018-04-26,1.0
UPS,2018-07-25,1.0
UPS,2018-10-24,2.0
UPS,2019-04-25,0.0
UPS,2021-02-02,0.0
UPS,2022-04-26,0.0
URI,2015-01-22,0.0
URI,2015-04-22,0.0
URI,2016-10-20,2.0
URI,2017-04-20,0.0
URI,2017-10-19,1.0
URI,2018-07-19,0.0
URI,2021-01-28,0.0
URI,2021-04-29,1.0
URI,2021-07-29,2.0
URI,2021-10-28,0.0
URI,2022-04-28,1.0
URI,2022-10-27,2.0
URI,2023-07-27,2.0
USB,2017-07-19,0.0
USB,2018-10-17,0.0
USB,2021-10-14,0.0
USB,2022-04-14,2.0
USB,2023-10-18,0.0
V,2019-07-23,0.0
V,2022-01-27,1.0
VFC,2015-05-01,2.0
VFC,2016-04-29,0.0
VFC,2018-05-04,1.0
VFC,2018-07-20,1.0
VFC,2018-10-19,0.0
VFC,2019-01-18,2.0
VFC,2021-07-30,2.0
VFC,2022-01-28,0.0
VFC,2022-05-19,0.0
VFC,2023-08-01,0.0
VMC,2018-10-30,2.0
VMC,2021-05-04,2.0
VMC,2022-05-04,0.0
VMC,2022-08-04,0.0
VMC,2023-08-03,0.0
VRSK,2015-04-29,0.0
VRSK,2016-11-02,0.0
VRSK,2017-08-03,0.0
VRSK,2018-02-21,0.0
VRSK,2018-08-01,0.0
VRSK,2019-05-01,0.0
VRSK,2021-05-05,0.0
VRSK,2023-03-01,0.0
VRSK,2023-11-01,2.0
VRSN,2017-02-09,0.0
VRSN,2021-04-22,0.0
VRSN,2021-07-22,0.0
VRSN,2022-04-28,0.0
VRSN,2023-02-09,0.0
VRSN,2023-10-26,0.0
VRTX,2016-04-27,0.0
VRTX,2016-07-27,0.0
VRTX,2017-04-28,1.0
VRTX,2019-02-06,0.0
VRTX,2019-08-01,2.0
VRTX,2019-10-31,0.0
VRTX,2020-01-31,0.0
VRTX,2021-07-29,0.0
VRTX,2023-08-01,0.0
VTR,2015-10-23,0.0
VTR,2016-07-29,0.0
VTR,2016-10-28,0.0
VTR,2017-04-28,0.0
VTR,2018-07-27,0.0
VTR,2021-08-07,0.0
VTR,2022-08-05,0.0
VTR,2022-11-04,0.0
VTR,2023-11-03,1.0
WAB,2019-07-30,0.0
WAB,2019-10-31,0.0
WAB,2020-07-28,0.0
WAB,2020-10-29,0.0
WAB,2021-10-27,0.0
WAB,2022-04-27,0.0
WAB,2022-08-05,0.0
WAB,2023-02-15,0.0
WAB,2023-04-26,0.0
WAB,2023-07-27,0.0
WAT,2015-07-28,1.0
WAT,2018-04-24,1.0
WAT,2018-07-24,0.0
WAT,2019-01-23,0.0
WAT,2019-10-29,0.0
WAT,2022-05-03,2.0
WAT,2023-08-02,-1.0
WDAY,2019-05-28,1.0
WDAY,2019-12-03,1.0
WDAY,2020-02-27,1.0
WDAY,2020-08-27,0.0
WDAY,2021-08-26,1.0
WDAY,2021-11-18,2.0
WDAY,2023-11-28,2.0
WDC,2015-04-28,1.0
WDC,2016-10-26,0.0
WDC,2021-08-04,0.0
WDC,2021-10-28,0.0
WELL,2016-02-18,0.0
WELL,2016-05-03,1.0
WELL,2023-05-03,2.0
WELL,2023-08-01,2.0
WFC,2018-01-12,0.0
WFC,2021-04-14,0.0
WFC,2023-10-13,0.0
WHR,2015-10-23,0.0
WHR,2017-04-26,0.0
WHR,2018-04-24,0.0
WHR,2019-07-23,2.0
WHR,2020-10-22,1.0
WHR,2021-07-22,2.0
WMT,2021-05-18,0.0
WMT,2023-11-16,0.0
WY,2022-01-28,0.0
XEL,2015-07-30,0.0
XEL,2017-07-27,0.0
XEL,2018-04-26,0.0
XEL,2020-07-30,1.0
XEL,2020-10-29,0.0
XEL,2021-10-28,1.0
XEL,2022-10-27,1.0
XEL,2023-04-27,0.0
XRAY,2015-02-18,0.0
XRAY,2015-07-30,0.0
XRAY,2015-10-28,0.0
XRAY,2017-02-17,0.0
XRAY,2017-11-03,0.0
XRAY,2018-05-07,-1.0
XRAY,2019-03-01,0.0
XRAY,2019-08-02,1.0
XRAY,2019-11-07,0.0
XRAY,2021-05-08,0.0
XRAY,2021-11-04,0.0
XRAY,2022-11-14,0.0
XRAY,2023-05-03,1.0
XRAY,2023-08-03,2.0
XYL,2015-04-30,-1.0
XYL,2016-05-03,0.0
XYL,2016-08-02,0.0
XYL,2016-11-01,-2.0
XYL,2017-05-02,1.0
XYL,2017-08-01,0.0
XYL,2017-10-31,2.0
XYL,2018-07-31,0.0
XYL,2019-01-31,0.0
XYL,2019-05-04,1.0
XYL,2019-08-01,0.0
XYL,2019-10-31,1.0
XYL,2021-02-04,0.0
XYL,2021-08-03,0.0
XYL,2022-05-04,2.0
XYL,2022-08-02,1.0
XYL,2023-05-04,2.0
XYL,2023-08-02,2.0
ZBH,2015-04-30,1.0
ZBH,2015-07-31,0.0
ZBH,2015-10-29,-1.0
ZBH,2016-07-28,0.0
ZBH,2018-07-27,0.0
ZBH,2019-11-05,0.0
ZBH,2021-05-04,0.0
ZBH,2021-08-03,0.0
ZBH,2022-05-03,1.0
ZBH,2022-08-02,2.0
ZBH,2022-11-02,-1.0
ZBH,2023-02-03,0.0
ZBH,2023-05-02,2.0
ZBH,2023-11-07,0.0
ZBRA,2020-07-28,0.0
ZBRA,2020-11-03,0.0
ZBRA,2022-02-10,0.0
ZBRA,2022-08-02,0.0
ZBRA,2023-05-02,0.0
ZION,2017-01-24,0.0
ZTS,2015-08-04,0.0
ZTS,2016-08-03,0.0
ZTS,2016-11-02,0.0
ZTS,2017-02-16,0.0
ZTS,2017-05-04,0.0
ZTS,2017-08-08,0.0
ZTS,2018-05-02,0.0
ZTS,2018-08-02,0.0
ZTS,2018-11-01,0.0
ZTS,2019-08-06,2.0
ZTS,2020-11-06,2.0
ZTS,2021-02-16,0.0
ZTS,2021-05-06,1.0
ZTS,2021-08-05,2.0
ZTS,2021-11-04,2.0
ZTS,2022-05-05,0.0
ZTS,2022-11-03,0.0
