symbol,earnings_date,mgmt_tone_confidence
A,2015-02-17,2.0
A,2015-08-17,1.0
A,2017-05-22,2.0
A,2017-11-20,2.0
A,2018-05-14,2.0
A,2018-08-15,2.0
A,2019-02-20,2.0
A,2019-05-14,1.0
A,2020-02-18,1.0
A,2020-05-21,2.0
A,2020-08-18,1.0
A,2021-08-17,2.0
A,2022-02-22,2.0
A,2022-05-24,1.0
A,2022-08-16,2.0
A,2022-11-21,2.0
A,2023-02-28,2.0
AAL,2015-01-27,1.0
AAL,2015-07-27,2.0
AAL,2016-04-22,2.0
AAL,2016-10-20,1.0
AAL,2017-04-27,2.0
AAL,2017-10-26,2.0
AAL,2018-10-25,0.0
AAL,2019-04-26,1.0
AAL,2021-07-22,0.0
AAL,2021-10-21,0.0
AAL,2022-01-20,1.0
AAL,2022-07-21,2.0
AAL,2023-01-26,1.0
AAL,2023-10-19,2.0
AAP,2016-08-16,1.0
AAP,2016-11-15,1.0
AAP,2017-02-21,0.0
AAP,2017-05-24,2.0
AAP,2018-02-21,2.0
AAP,2018-05-22,2.0
AAP,2018-08-14,1.0
AAP,2020-02-18,1.0
AAP,2020-08-18,2.0
AAP,2021-06-02,1.0
ABBV,2017-07-28,2.0
ABBV,2021-02-03,0.0
ABBV,2021-10-29,2.0
ABBV,2023-07-27,2.0
ABBV,2023-10-27,2.0
ABT,2015-01-29,1.0
ABT,2016-10-19,1.0
ABT,2018-01-24,1.0
ABT,2018-04-17,1.0
ABT,2018-07-17,1.0
ABT,2019-01-22,1.0
ABT,2019-10-15,2.0
ABT,2020-10-20,2.0
ABT,2021-04-19,1.0
ABT,2023-04-18,1.0
ABT,2023-07-19,2.0
ABT,2023-10-17,2.0
ACGL,2015-07-30,1.0
ACGL,2020-02-12,1.0
ACGL,2023-07-27,2.0
ACN,2015-03-26,2.0
ACN,2015-06-25,2.0
ACN,2015-09-24,2.0
ACN,2015-12-17,2.0
ACN,2016-03-24,2.0
ACN,2016-12-21,2.0
ACN,2017-06-22,1.0
ACN,2017-09-28,2.0
ACN,2017-12-21,2.0
ACN,2018-03-22,2.0
ACN,2018-06-28,2.0
ACN,2018-09-27,2.0
ACN,2018-12-20,2.0
ACN,2019-03-28,2.0
ACN,2019-06-27,2.0
ACN,2019-12-19,2.0
ACN,2020-03-19,2.0
ACN,2020-12-17,2.0
ACN,2021-03-18,2.0
ACN,2021-06-24,2.0
ACN,2021-12-16,1.0
ACN,2022-12-16,2.0
ADBE,2016-03-17,2.0
ADBE,2019-06-18,1.0
ADBE,2019-09-17,2.0
ADBE,2021-12-16,1.0
ADBE,2022-03-22,2.0
ADBE,2022-06-16,1.0
ADBE,2022-09-15,1.0
ADBE,2022-12-15,1.0
ADBE,2023-06-15,2.0
ADI,2015-08-17,2.0
ADI,2017-08-29,1.0
ADI,2018-08-21,2.0
ADI,2019-08-20,1.0
ADI,2020-05-20,1.0
ADI,2021-05-19,2.0
ADI,2022-05-18,2.0
ADI,2022-08-17,2.0
ADI,2022-11-22,2.0
ADI,2023-02-15,1.0
ADI,2023-08-23,-1.0
ADI,2023-11-21,1.0
ADM,2015-02-03,1.0
ADM,2015-05-05,2.0
ADM,2017-05-02,1.0
ADM,2018-07-31,2.0
ADM,2019-10-31,1.0
ADM,2021-04-27,2.0
ADM,2021-07-27,1.0
ADM,2021-10-26,2.0
ADM,2022-01-25,1.0
ADM,2023-07-25,2.0
ADP,2015-02-04,2.0
ADP,2016-11-02,2.0
ADP,2017-07-27,1.0
ADP,2017-11-02,1.0
ADP,2018-08-01,2.0
ADP,2018-10-31,1.0
ADP,2019-07-31,1.0
ADP,2020-01-29,2.0
ADP,2020-07-29,1.0
ADP,2020-10-28,2.0
ADP,2021-04-28,2.0
ADP,2021-10-27,1.0
ADP,2022-01-26,2.0
ADP,2022-04-27,2.0
ADP,2022-07-27,2.0
ADP,2023-07-26,1.0
ADP,2023-10-25,1.0
ADSK,2019-08-27,2.0
ADSK,2019-11-26,1.0
ADSK,2020-08-25,0.0
ADSK,2020-11-25,0.0
ADSK,2021-05-27,1.0
ADSK,2021-08-25,2.0
ADSK,2022-02-24,1.0
ADSK,2022-05-26,2.0
ADSK,2022-08-24,2.0
ADSK,2023-05-25,1.0
ADSK,2023-08-23,1.0
ADSK,2023-11-21,1.0
AEE,2018-10-31,1.0
AEE,2019-02-14,1.0
AEE,2019-08-02,2.0
AEE,2020-11-06,1.0
AEE,2021-02-19,1.0
AEE,2021-08-06,2.0
AEE,2023-02-16,2.0
AEE,2023-08-03,1.0
AEP,2015-07-23,2.0
AEP,2022-10-27,1.0
AFL,2015-07-29,0.0
AFL,2016-04-27,1.0
AFL,2018-04-26,1.0
AFL,2019-02-01,2.0
AFL,2021-02-04,1.0
AFL,2021-10-28,1.0
AFL,2022-04-28,2.0
AFL,2022-11-01,2.0
AFL,2023-04-27,1.0
AIV,2016-02-05,1.0
AIZ,2015-07-29,2.0
AIZ,2018-11-07,1.0
AIZ,2019-08-07,1.0
AIZ,2021-08-04,2.0
AIZ,2023-05-03,2.0
AIZ,2023-08-02,2.0
AIZ,2023-11-01,2.0
AJG,2015-04-24,1.0
AJG,2020-07-30,2.0
AJG,2022-04-28,2.0
AJG,2022-08-01,1.0
AJG,2023-01-26,1.0
AKAM,2017-07-25,1.0
AKAM,2021-05-04,2.0
AKAM,2021-11-02,1.0
AKAM,2022-08-09,1.0
AKAM,2023-08-08,1.0
ALB,2016-05-11,1.0
ALB,2017-02-28,2.0
ALB,2018-05-10,1.0
ALB,2019-05-09,0.0
ALB,2022-02-17,2.0
ALB,2022-08-04,2.0
ALGN,2015-07-23,1.0
ALGN,2017-02-01,1.0
ALGN,2019-04-24,1.0
ALGN,2020-10-22,1.0
ALGN,2021-02-04,2.0
ALGN,2021-04-28,2.0
ALK,2017-07-26,1.0
ALK,2021-10-21,1.0
ALK,2022-04-21,2.0
ALK,2022-07-21,2.0
ALK,2023-01-26,1.0
ALK,2023-07-25,1.0
ALL,2015-02-05,1.0
ALLE,2017-02-09,2.0
ALLE,2017-04-29,2.0
ALLE,2017-07-27,1.0
ALLE,2018-02-20,2.0
ALLE,2018-04-26,1.0
ALLE,2018-07-26,1.0
ALLE,2019-04-26,1.0
ALLE,2019-10-24,2.0
ALLE,2020-04-23,-1.0
ALLE,2021-04-22,2.0
ALLE,2021-07-22,2.0
ALLE,2022-02-15,1.0
ALLE,2022-04-26,1.0
ALLE,2022-10-27,2.0
ALLE,2023-02-22,1.0
ALLE,2023-04-26,2.0
ALLE,2023-07-26,1.0
ALLE,2023-10-31,2.0
AMAT,2016-05-19,2.0
AMAT,2016-08-18,1.0
AMAT,2017-08-17,2.0
AMAT,2017-11-16,2.0
AMAT,2018-02-14,2.0
AMAT,2018-08-16,1.0
AMAT,2019-05-16,1.0
AMAT,2019-08-15,2.0
AMAT,2020-08-13,1.0
AMAT,2021-02-18,2.0
AMD,2018-01-24,1.0
AMD,2022-08-02,1.0
AME,2017-02-07,2.0
AME,2017-11-02,1.0
AME,2018-07-31,2.0
AME,2018-11-01,1.0
AME,2019-02-05,1.0
AME,2019-05-01,1.0
AME,2019-10-31,2.0
AME,2020-05-05,1.0
AME,2020-10-29,2.0
AME,2021-02-04,1.0
AME,2021-05-04,2.0
AME,2021-08-03,2.0
AME,2021-11-02,2.0
AME,2022-02-03,2.0
AME,2022-05-03,2.0
AME,2022-08-02,2.0
AME,2023-08-01,2.0
AME,2023-10-31,2.0
AMGN,2019-04-30,2.0
AMT,2020-02-06,2.0
AMT,2020-07-30,1.0
AMT,2021-02-04,2.0
AMT,2022-02-24,2.0
AMT,2023-10-26,2.0
ANET,2015-02-19,2.0
ANET,2015-11-05,1.0
ANET,2018-05-03,2.0
ANET,2021-05-04,1.0
ANET,2021-08-02,2.0
ANET,2022-08-01,1.0
ANET,2023-07-31,2.0
AON,2015-02-06,1.0
AON,2016-10-28,1.0
AON,2017-05-09,2.0
AON,2017-08-04,2.0
AON,2017-10-27,2.0
AON,2018-02-02,1.0
AON,2018-05-04,2.0
AON,2018-07-27,2.0
AON,2018-10-26,2.0
AON,2019-07-26,2.0
AON,2019-10-25,2.0
AON,2020-01-31,2.0
AON,2020-07-31,1.0
AON,2021-02-05,1.0
AON,2021-04-30,2.0
AON,2021-07-30,2.0
AON,2021-10-29,2.0
AON,2022-02-04,2.0
AON,2022-07-29,2.0
AON,2022-10-28,2.0
AON,2023-02-03,1.0
AON,2023-04-28,2.0
AON,2023-07-28,2.0
AON,2023-10-27,2.0
APA,2018-05-03,2.0
APA,2019-02-28,1.0
APA,2021-05-06,2.0
APD,2015-01-29,2.0
APD,2016-01-29,2.0
APD,2020-11-11,2.0
APD,2021-05-10,2.0
APD,2021-08-09,2.0
APD,2022-05-05,2.0
APH,2015-01-21,2.0
APH,2015-04-22,1.0
APH,2015-10-21,1.0
APH,2017-07-26,2.0
APH,2017-10-25,2.0
APH,2018-01-24,1.0
APH,2018-07-25,2.0
APH,2018-10-24,2.0
APH,2019-07-24,2.0
APH,2020-04-22,1.0
APH,2020-07-22,1.0
APH,2021-04-28,0.0
APH,2021-10-27,2.0
APH,2022-01-26,1.0
APH,2022-04-27,2.0
APH,2022-07-27,-1.0
APH,2022-10-26,2.0
APH,2023-01-25,-2.0
APH,2023-07-26,2.0
APO,2020-07-30,1.0
APO,2021-08-04,2.0
APTV,2017-08-02,2.0
APTV,2018-05-02,1.0
APTV,2019-01-31,0.0
APTV,2021-02-03,2.0
APTV,2021-08-05,2.0
APTV,2022-08-04,2.0
APTV,2023-05-04,2.0
APTV,2023-08-03,2.0
APTV,2023-11-02,1.0
ARE,2016-02-03,1.0
ARE,2016-05-04,2.0
ARE,2018-10-30,1.0
ARE,2020-04-29,1.0
ARE,2023-07-25,2.0
ATO,2015-08-06,1.0
ATO,2016-02-03,1.0
ATO,2016-05-08,1.0
ATO,2017-02-08,1.0
ATO,2021-05-06,1.0
AVB,2021-07-29,2.0
AVB,2021-10-28,1.0
AVY,2015-10-31,2.0
AVY,2016-10-26,2.0
AVY,2017-02-01,2.0
AVY,2017-04-27,2.0
AVY,2017-10-25,2.0
AVY,2018-01-31,2.0
AVY,2018-07-24,2.0
AVY,2018-10-23,2.0
AVY,2019-01-30,1.0
AVY,2019-04-24,1.0
AVY,2019-07-23,2.0
AVY,2019-10-23,1.0
AVY,2020-01-29,1.0
AVY,2020-10-21,2.0
AVY,2021-02-03,2.0
AVY,2021-04-28,2.0
AVY,2021-07-28,2.0
AVY,2021-10-27,2.0
AVY,2022-07-27,2.0
AVY,2022-10-26,2.0
AVY,2023-02-02,2.0
AVY,2023-04-26,-1.0
AVY,2023-07-25,-1.0
AVY,2023-10-25,1.0
AWK,2019-08-01,1.0
AWK,2019-10-31,2.0
AWK,2020-05-07,2.0
AWK,2021-02-25,2.0
AWK,2022-11-01,1.0
AXP,2018-10-18,0.0
AXP,2019-01-18,2.0
AXP,2020-01-24,2.0
AXP,2021-10-22,2.0
AXP,2022-04-22,2.0
AXP,2022-07-22,1.0
AXP,2022-10-21,1.0
AXP,2023-04-20,1.0
AXP,2023-10-20,2.0
AZO,2016-03-01,2.0
AZO,2016-12-06,2.0
AZO,2018-05-22,2.0
AZO,2019-09-24,1.0
AZO,2021-03-02,1.0
AZO,2021-05-25,2.0
AZO,2021-09-21,1.0
AZO,2021-12-07,2.0
AZO,2022-05-24,1.0
AZO,2022-12-06,2.0
BA,2015-01-28,2.0
BA,2015-04-22,1.0
BA,2015-07-22,1.0
BA,2016-01-27,2.0
BA,2016-10-26,1.0
BA,2017-01-25,1.0
BA,2017-04-26,1.0
BA,2017-10-25,2.0
BA,2018-01-31,2.0
BA,2019-04-24,1.0
BA,2021-07-28,1.0
BA,2022-04-27,-1.0
BA,2022-07-27,1.0
BA,2023-07-26,1.0
BAX,2018-02-01,2.0
BAX,2019-07-25,2.0
BAX,2019-10-24,1.0
BAX,2020-03-17,2.0
BAX,2023-04-27,1.0
BAX,2023-11-02,2.0
BBY,2016-05-24,2.0
BBY,2018-03-01,1.0
BBY,2018-11-20,2.0
BBY,2019-02-27,1.0
BBY,2020-02-27,0.0
BBY,2020-08-25,2.0
BBY,2021-05-27,2.0
BBY,2021-08-24,1.0
BBY,2022-03-03,2.0
BBY,2022-08-30,1.0
BEN,2017-07-28,0.0
BEN,2018-01-30,0.0
BEN,2021-02-02,2.0
BG,2020-05-06,1.0
BG,2020-07-29,1.0
BG,2020-10-28,1.0
BG,2021-05-04,2.0
BG,2022-02-09,1.0
BG,2023-02-08,2.0
BG,2023-05-03,1.0
BG,2023-10-26,2.0
BIIB,2016-07-21,1.0
BIIB,2019-01-29,2.0
BIIB,2019-07-23,1.0
BIO,2019-10-31,1.0
BK,2017-01-19,-1.0
BK,2017-07-20,2.0
BK,2020-01-17,2.0
BK,2021-04-16,1.0
BK,2023-07-18,1.0
BKNG,2019-02-27,1.0
BKNG,2019-05-09,1.0
BLDR,2016-03-04,1.0
BLDR,2020-05-01,1.0
BLDR,2020-07-31,2.0
BLDR,2021-05-09,1.0
BLDR,2021-08-07,1.0
BLDR,2021-11-04,2.0
BLDR,2022-08-01,2.0
BLDR,2023-08-02,1.0
BR,2015-05-08,1.0
BR,2015-08-07,2.0
BR,2018-08-07,2.0
BR,2020-01-31,2.0
BR,2020-05-08,1.0
BR,2020-10-30,2.0
BR,2021-11-03,1.0
BR,2022-02-01,1.0
BR,2022-05-03,1.0
BR,2022-08-12,2.0
BR,2023-05-02,1.0
BR,2023-08-08,2.0
BRO,2018-01-23,1.0
BRO,2021-10-26,2.0
BSX,2017-02-02,2.0
BSX,2017-04-27,2.0
BSX,2018-07-25,2.0
BSX,2021-08-03,1.0
BSX,2022-10-26,2.0
BSX,2023-04-26,1.0
BWA,2015-07-30,1.0
BWA,2015-10-29,1.0
BWA,2016-07-30,2.0
BWA,2017-02-09,1.0
BWA,2017-07-27,2.0
BWA,2017-10-26,2.0
BWA,2019-04-25,1.0
BWA,2020-05-06,1.0
BWA,2020-10-29,2.0
BX,2015-10-15,2.0
BX,2016-07-21,1.0
BX,2017-10-19,2.0
BX,2018-07-19,1.0
BX,2018-10-18,2.0
BX,2019-10-23,2.0
BX,2021-01-27,2.0
BX,2021-07-22,2.0
BX,2022-07-21,2.0
BX,2023-01-26,2.0
BXP,2021-07-28,2.0
C,2017-07-14,1.0
C,2019-01-14,1.0
C,2019-04-15,0.0
C,2021-07-14,1.0
CAG,2015-09-22,-1.0
CAG,2016-04-07,1.0
CAG,2020-06-30,2.0
CAG,2021-01-07,1.0
CAG,2021-10-07,1.0
CAG,2023-01-05,-1.0
CAG,2023-04-05,1.0
CAG,2023-10-05,1.0
CAH,2015-07-30,2.0
CAH,2016-08-02,2.0
CAH,2020-11-05,2.0
CAH,2023-08-15,1.0
CAH,2023-11-03,2.0
CAT,2017-04-26,2.0
CAT,2017-07-25,1.0
CAT,2018-01-25,2.0
CAT,2018-04-24,2.0
CAT,2018-07-30,2.0
CAT,2019-01-28,-1.0
CAT,2019-04-24,2.0
CAT,2019-10-23,1.0
CAT,2022-10-27,1.0
CAT,2023-08-01,2.0
CBOE,2018-02-09,2.0
CBOE,2018-05-04,1.0
CBOE,2021-02-05,2.0
CBOE,2021-07-30,1.0
CBOE,2022-07-29,1.0
CBOE,2023-08-04,1.0
CCI,2017-10-19,0.0
CCI,2018-07-19,1.0
CCI,2018-10-18,1.0
CDNS,2017-07-24,1.0
CDNS,2018-01-31,2.0
CDNS,2018-04-23,2.0
CDNS,2019-10-21,1.0
CDNS,2020-07-20,1.0
CDNS,2021-04-26,2.0
CDNS,2022-10-24,2.0
CDNS,2023-02-13,2.0
CDNS,2023-07-24,2.0
CF,2020-11-05,1.0
CFG,2016-07-22,2.0
CFG,2017-01-20,2.0
CFG,2017-04-20,2.0
CFG,2017-07-21,2.0
CFG,2017-10-20,2.0
CFG,2018-01-19,2.0
CFG,2018-07-20,2.0
CFG,2018-10-19,2.0
CFG,2019-01-18,2.0
CFG,2019-04-18,2.0
CFG,2020-01-30,1.0
CFG,2022-04-19,1.0
CHD,2016-05-05,2.0
CHD,2019-07-31,2.0
CHD,2020-04-30,2.0
CHRW,2016-10-26,1.0
CHRW,2018-10-31,2.0
CHRW,2019-01-30,2.0
CHRW,2021-10-26,2.0
CHRW,2022-07-27,1.0
CHTR,2018-10-26,1.0
CHTR,2022-07-29,2.0
CHTR,2022-10-28,2.0
CI,2017-02-02,2.0
CI,2017-05-05,2.0
CI,2017-11-02,2.0
CI,2018-05-03,2.0
CI,2018-11-01,2.0
CI,2019-05-02,1.0
CI,2019-08-01,2.0
CI,2019-10-31,1.0
CI,2020-04-30,0.0
CI,2021-02-04,1.0
CI,2021-11-04,0.0
CI,2022-05-06,0.0
CI,2022-11-03,1.0
CI,2023-11-02,2.0
CINF,2015-07-29,1.0
CINF,2016-07-27,1.0
CINF,2017-02-09,1.0
CINF,2020-10-27,1.0
CL,2020-10-30,1.0
CL,2021-01-29,1.0
CL,2021-10-29,1.0
CL,2022-10-28,1.0
CLX,2015-02-04,1.0
CLX,2015-11-02,1.0
CLX,2016-02-04,1.0
CLX,2016-05-03,1.0
CLX,2016-11-02,1.0
CLX,2017-11-01,2.0
CLX,2019-02-04,1.0
CLX,2020-08-03,2.0
CLX,2021-02-04,1.0
CLX,2021-08-03,2.0
CLX,2022-11-01,1.0
CLX,2023-02-02,2.0
CLX,2023-11-01,1.0
CMCSA,2015-10-27,2.0
CMCSA,2017-01-26,2.0
CMCSA,2021-01-28,2.0
CMCSA,2021-10-29,2.0
CME,2018-02-02,2.0
CME,2023-07-26,1.0
CMG,2015-07-21,2.0
CMG,2023-10-27,2.0
CMI,2015-01-28,2.0
CMI,2017-08-05,1.0
CMI,2018-08-01,2.0
CMI,2019-07-30,1.0
CMI,2021-02-03,2.0
CMI,2021-05-04,2.0
CMI,2021-11-02,2.0
CMI,2022-02-03,1.0
CMI,2023-02-06,1.0
CMI,2023-05-02,2.0
CMI,2023-08-03,1.0
CMS,2016-04-28,2.0
CMS,2017-10-27,-1.0
CMS,2018-02-14,2.0
CMS,2018-07-26,1.0
CMS,2020-08-03,1.0
CMS,2021-07-29,1.0
CMS,2022-07-28,1.0
CNP,2019-08-07,1.0
CNP,2019-11-07,1.0
CNP,2022-05-03,2.0
CNP,2022-08-02,2.0
CNP,2022-11-01,2.0
CNP,2023-02-17,2.0
CNP,2023-04-27,2.0
CNP,2023-07-27,2.0
COF,2016-04-26,1.0
COF,2016-07-22,2.0
COO,2018-08-30,2.0
COO,2018-12-06,2.0
COO,2022-06-02,2.0
COO,2022-12-08,1.0
COO,2023-03-02,2.0
COO,2023-08-30,2.0
COP,2019-07-30,1.0
COR,2018-04-26,2.0
COR,2019-04-25,0.0
COR,2020-05-01,2.0
COR,2020-07-31,2.0
COR,2021-02-04,2.0
COR,2022-11-03,2.0
COR,2023-08-02,0.0
COST,2015-09-30,1.0
CPB,2016-09-01,1.0
CPB,2020-12-09,1.0
CPB,2021-06-09,1.0
CPB,2021-12-08,2.0
CPB,2022-06-08,2.0
CPB,2023-03-08,2.0
CPRT,2018-11-21,0.0
CPRT,2020-09-03,1.0
CPRT,2021-09-09,2.0
CPRT,2022-11-17,1.0
CPRT,2023-05-17,1.0
CPRT,2023-09-14,1.0
CPRT,2023-11-16,1.0
CRM,2016-05-18,2.0
CRM,2018-02-28,2.0
CRM,2018-05-29,2.0
CRM,2020-05-29,2.0
CRM,2021-05-27,2.0
CRM,2021-08-25,1.0
CRM,2021-11-30,2.0
CRM,2022-03-01,2.0
CRM,2022-08-24,2.0
CRWD,2019-07-18,1.0
CRWD,2019-12-05,2.0
CSX,2015-01-14,1.0
CSX,2015-04-15,1.0
CSX,2016-10-13,2.0
CSX,2018-10-17,1.0
CSX,2019-01-17,2.0
CSX,2020-10-22,1.0
CSX,2022-04-20,1.0
CSX,2023-01-25,2.0
CSX,2023-04-20,2.0
CSX,2023-07-20,1.0
CSX,2023-10-19,1.0
CTAS,2015-07-16,1.0
CTAS,2016-07-19,2.0
CTAS,2017-09-26,1.0
CTAS,2018-12-20,1.0
CTAS,2019-07-16,1.0
CTAS,2020-09-23,0.0
CTAS,2021-09-29,0.0
CTAS,2022-07-14,2.0
CTAS,2022-09-28,1.0
CTAS,2023-03-29,1.0
CTAS,2023-12-21,1.0
CTSH,2015-02-04,2.0
CTSH,2015-08-05,1.0
CTSH,2020-05-08,1.0
CTSH,2020-07-30,1.0
CTSH,2020-10-28,2.0
CTSH,2021-05-05,2.0
CTSH,2022-07-27,1.0
CTSH,2022-11-02,2.0
CTSH,2023-05-03,2.0
CTSH,2023-11-01,1.0
CTVA,2020-08-06,2.0
CTVA,2020-11-05,1.0
CTVA,2021-05-05,2.0
CTVA,2021-11-04,2.0
CTVA,2023-02-02,2.0
CVX,2015-07-31,2.0
CVX,2017-07-28,1.0
CVX,2018-11-02,1.0
CVX,2022-07-29,1.0
D,2021-08-06,2.0
DAL,2016-07-14,2.0
DAL,2018-04-12,1.0
DAL,2018-07-12,2.0
DAL,2019-01-15,2.0
DAL,2019-04-10,2.0
DAL,2022-04-13,1.0
DAL,2022-07-13,2.0
DAL,2023-01-13,2.0
DAL,2023-07-13,2.0
DD,2021-08-03,2.0
DE,2019-08-16,1.0
DE,2019-11-27,2.0
DE,2021-02-19,1.0
DE,2022-11-23,2.0
DE,2023-02-17,1.0
DE,2023-05-19,2.0
DE,2023-08-18,2.0
DECK,2021-10-28,2.0
DECK,2022-07-28,1.0
DECK,2023-02-02,1.0
DECK,2023-07-27,2.0
DELL,2020-11-24,1.0
DELL,2021-05-28,2.0
DELL,2022-11-21,2.0
DELL,2023-03-02,-1.0
DGX,2015-10-22,1.0
DGX,2017-01-26,2.0
DGX,2017-07-25,2.0
DGX,2017-10-19,2.0
DGX,2018-02-01,2.0
DGX,2019-02-14,1.0
DGX,2021-10-21,2.0
DGX,2022-02-03,2.0
DHI,2015-01-26,1.0
DHI,2015-04-22,1.0
DHI,2016-01-25,1.0
DHI,2016-04-21,2.0
DHI,2016-11-08,2.0
DHI,2017-01-24,0.0
DHI,2017-04-20,2.0
DHI,2018-01-31,1.0
DHI,2019-07-30,2.0
DHI,2020-01-27,2.0
DHI,2020-07-28,2.0
DHI,2020-11-10,2.0
DHI,2022-11-09,1.0
DHR,2017-04-20,2.0
DHR,2017-07-20,2.0
DHR,2018-01-30,2.0
DHR,2018-07-19,2.0
DHR,2021-04-22,0.0
DHR,2022-07-21,2.0
DLTR,2020-11-24,1.0
DLTR,2023-03-01,2.0
DOV,2015-01-27,2.0
DOV,2016-01-26,1.0
DOV,2016-10-19,2.0
DOV,2017-04-20,2.0
DOV,2017-07-20,2.0
DOV,2019-10-17,1.0
DOV,2020-04-21,1.0
DOV,2022-01-27,2.0
DOV,2022-07-21,2.0
DOV,2022-10-20,0.0
DOV,2023-04-26,2.0
DOV,2023-07-25,2.0
DOV,2023-10-24,2.0
DOW,2015-07-23,2.0
DOW,2016-04-29,2.0
DOW,2017-01-26,2.0
DOW,2020-07-23,1.0
DOW,2020-10-22,-1.0
DOW,2021-01-28,2.0
DOW,2021-07-22,1.0
DOW,2021-10-21,2.0
DRI,2016-06-30,1.0
DRI,2017-03-28,1.0
DRI,2018-12-18,2.0
DRI,2021-03-25,1.0
DTE,2017-04-26,1.0
DTE,2018-07-25,2.0
DTE,2019-02-07,1.0
DTE,2019-04-24,2.0
DTE,2020-02-05,2.0
DTE,2020-10-27,1.0
DTE,2021-02-19,2.0
DTE,2022-02-10,1.0
DUK,2017-11-03,2.0
DUK,2018-11-02,1.0
DUK,2019-08-06,0.0
DUK,2020-02-13,2.0
DUK,2020-05-12,2.0
DUK,2021-05-10,1.0
DVA,2020-05-05,1.0
DVN,2019-08-07,2.0
DVN,2019-11-06,2.0
DVN,2021-05-05,2.0
DVN,2022-05-03,1.0
DVN,2022-08-02,0.0
DVN,2023-02-15,1.0
DXC,2019-11-11,1.0
DXC,2020-08-06,1.0
DXC,2021-02-04,2.0
EA,2019-07-30,2.0
EA,2020-05-05,1.0
EA,2020-07-30,1.0
EA,2022-08-02,2.0
EA,2023-01-31,1.0
EBAY,2017-10-18,2.0
EBAY,2021-10-27,1.0
EBAY,2023-04-26,1.0
ECL,2015-07-28,2.0
ECL,2016-11-01,2.0
ECL,2017-10-31,2.0
ECL,2018-05-01,2.0
ECL,2018-07-31,2.0
ECL,2018-10-30,2.0
ECL,2019-02-19,1.0
ECL,2023-02-14,1.0
ECL,2023-05-02,1.0
EFX,2016-07-31,1.0
EFX,2016-10-27,2.0
EFX,2017-02-09,2.0
EFX,2017-07-30,2.0
EFX,2019-07-25,1.0
EFX,2019-10-24,1.0
EFX,2020-02-13,1.0
EFX,2021-04-22,1.0
EFX,2021-07-22,2.0
EFX,2022-02-10,2.0
EFX,2022-04-21,1.0
EFX,2022-07-21,2.0
EFX,2022-10-20,2.0
EFX,2023-04-20,1.0
EFX,2023-10-19,1.0
EIX,2023-11-01,1.0
EL,2015-08-18,2.0
EL,2017-08-18,2.0
EL,2017-11-01,2.0
EL,2018-02-02,2.0
EL,2018-05-02,2.0
EL,2018-08-20,2.0
EL,2019-05-01,2.0
EL,2019-10-31,2.0
EL,2020-05-01,1.0
EL,2022-05-03,1.0
EMN,2015-07-28,2.0
EMN,2017-10-27,1.0
EMN,2018-04-27,2.0
EMN,2018-07-27,2.0
EMN,2020-10-30,1.0
EMN,2023-10-27,-1.0
EMR,2017-02-07,1.0
EMR,2017-08-01,2.0
EMR,2017-11-08,2.0
EMR,2018-08-07,1.0
EMR,2019-05-07,1.0
EMR,2020-08-04,1.0
EMR,2020-11-03,2.0
EMR,2021-02-03,2.0
EMR,2021-05-05,1.0
EMR,2021-08-04,0.0
EMR,2021-11-03,1.0
EMR,2022-02-02,0.0
EMR,2022-05-04,1.0
EMR,2023-02-08,2.0
EMR,2023-05-03,2.0
EMR,2023-08-02,2.0
EOG,2016-11-04,0.0
EOG,2018-02-28,2.0
EOG,2018-05-04,2.0
EOG,2018-11-02,2.0
EOG,2019-08-02,2.0
EOG,2019-11-07,2.0
EOG,2020-02-28,2.0
EOG,2020-08-07,2.0
EOG,2020-11-06,2.0
EOG,2021-05-07,2.0
EOG,2022-05-06,1.0
EOG,2022-11-04,1.0
EQR,2017-07-26,2.0
EQR,2017-10-25,1.0
EQR,2019-01-30,1.0
EQR,2019-05-01,2.0
EQR,2021-04-28,2.0
EQR,2021-10-27,2.0
EQR,2023-11-01,1.0
ETN,2018-07-31,2.0
ETN,2018-10-30,1.0
ETN,2019-07-30,2.0
ETN,2019-10-29,2.0
ETN,2021-11-02,2.0
ETN,2022-08-02,2.0
ETN,2023-02-08,2.0
ETN,2023-08-01,1.0
ETR,2020-02-19,1.0
ETR,2020-10-28,2.0
ETR,2021-04-28,1.0
ETR,2021-08-04,2.0
ETR,2021-11-03,1.0
ETR,2022-04-27,1.0
EVRG,2021-08-05,2.0
EVRG,2021-11-03,2.0
EW,2017-04-26,2.0
EW,2019-07-24,2.0
EW,2020-01-31,1.0
EXC,2015-02-13,2.0
EXC,2015-10-30,2.0
EXC,2016-10-26,2.0
EXC,2023-02-14,1.0
EXC,2023-11-02,1.0
EXPE,2015-04-30,-1.0
EXPE,2017-02-09,1.0
EXPE,2018-07-26,0.0
EXPE,2019-05-02,2.0
EXPE,2023-05-04,1.0
EXR,2017-11-05,2.0
EXR,2018-02-21,2.0
EXR,2019-02-21,1.0
EXR,2020-02-19,1.0
F,2015-07-28,2.0
F,2015-10-27,2.0
F,2016-10-27,1.0
F,2020-02-05,1.0
F,2020-07-31,1.0
FANG,2018-05-09,2.0
FANG,2018-08-09,2.0
FANG,2018-11-07,1.0
FANG,2019-02-20,1.0
FANG,2020-05-05,1.0
FANG,2021-08-03,2.0
FANG,2022-05-03,1.0
FAST,2018-07-11,1.0
FDS,2019-12-19,1.0
FDS,2021-03-30,1.0
FDS,2021-12-21,2.0
FDS,2022-03-24,2.0
FDX,2018-03-20,0.0
FDX,2018-06-19,2.0
FDX,2019-12-17,1.0
FDX,2020-12-17,2.0
FDX,2021-03-18,2.0
FDX,2021-12-16,1.0
FDX,2022-12-20,2.0
FDX,2023-12-19,2.0
FFIV,2021-07-26,1.0
FIS,2016-02-09,1.0
FIS,2016-05-03,2.0
FIS,2016-07-26,2.0
FIS,2017-02-07,1.0
FIS,2017-10-31,2.0
FIS,2019-02-12,1.0
FIS,2019-04-30,2.0
FIS,2019-08-06,1.0
FIS,2019-11-05,1.0
FIS,2020-05-07,2.0
FIS,2020-08-04,2.0
FIS,2020-10-29,2.0
FIS,2021-08-03,2.0
FIS,2021-11-04,2.0
FIS,2022-08-04,2.0
FIS,2023-04-27,2.0
FIS,2023-11-07,2.0
FITB,2016-07-28,1.0
FITB,2017-07-21,1.0
FITB,2018-07-19,1.0
FITB,2019-01-22,0.0
FITB,2019-04-23,1.0
FITB,2019-10-22,2.0
FITB,2020-01-22,1.0
FITB,2020-07-23,1.0
FITB,2021-01-21,2.0
FITB,2022-04-19,1.0
FLS,2015-02-18,2.0
FLS,2018-05-11,1.0
FLS,2020-07-31,2.0
FMC,2022-05-03,2.0
FOXA,2019-08-07,2.0
FOXA,2022-05-10,1.0
FRT,2023-02-08,2.0
FTI,2019-10-24,1.0
FTI,2021-04-28,0.0
FTNT,2019-08-02,2.0
FTNT,2020-05-11,1.0
FTNT,2020-08-06,2.0
FTNT,2021-11-04,1.0
FTNT,2022-02-03,2.0
FTNT,2022-08-03,1.0
FTV,2016-10-27,2.0
FTV,2017-07-27,1.0
FTV,2018-04-27,2.0
FTV,2019-07-25,1.0
FTV,2020-02-06,1.0
FTV,2020-05-01,-1.0
FTV,2021-05-01,1.0
FTV,2021-10-28,1.0
FTV,2022-04-28,2.0
FTV,2022-07-28,2.0
FTV,2022-10-26,2.0
FTV,2023-02-01,2.0
FTV,2023-04-26,2.0
FTV,2023-07-26,2.0
GE,2015-01-23,1.0
GE,2015-04-17,1.0
GE,2017-04-21,2.0
GE,2018-07-20,2.0
GE,2019-07-31,1.0
GE,2021-07-27,1.0
GE,2021-10-26,2.0
GE,2022-10-25,1.0
GE,2023-04-25,2.0
GE,2023-10-24,1.0
GEN,2020-05-14,1.0
GEN,2021-11-04,1.0
GILD,2018-05-01,1.0
GILD,2019-02-04,1.0
GILD,2021-10-28,2.0
GIS,2015-12-17,1.0
GIS,2018-12-19,2.0
GIS,2019-03-20,2.0
GIS,2019-09-18,2.0
GIS,2019-12-18,2.0
GIS,2021-06-30,1.0
GIS,2022-12-20,2.0
GIS,2023-06-28,2.0
GLW,2017-04-26,2.0
GLW,2017-10-24,2.0
GLW,2018-01-30,2.0
GLW,2019-01-29,1.0
GLW,2020-10-27,2.0
GLW,2021-04-27,1.0
GLW,2021-07-27,2.0
GLW,2022-10-25,2.0
GLW,2023-01-31,1.0
GOOG,2021-10-26,2.0
GOOG,2022-07-26,2.0
GPC,2018-07-19,2.0
GPC,2021-04-22,1.0
GPC,2021-07-22,1.0
GPC,2021-10-21,2.0
GPC,2022-04-21,2.0
GPC,2022-07-27,2.0
GPC,2022-10-20,-1.0
GPC,2023-07-20,1.0
GPN,2015-10-07,2.0
GPN,2016-04-06,1.0
GPN,2016-07-31,2.0
GPN,2017-11-08,2.0
GPN,2018-02-15,2.0
GPN,2018-05-03,2.0
GPN,2018-08-02,2.0
GPN,2018-10-30,2.0
GPN,2019-08-07,1.0
GPN,2020-02-29,1.0
GPN,2020-08-08,1.0
GPN,2021-05-04,2.0
GPN,2022-05-02,1.0
GPN,2022-10-31,2.0
GPN,2023-10-31,1.0
GRMN,2016-04-27,2.0
GRMN,2019-07-31,2.0
GRMN,2019-10-30,1.0
GRMN,2021-10-27,1.0
GRMN,2022-02-16,2.0
GRMN,2023-08-02,2.0
GS,2015-04-16,1.0
GS,2016-07-19,1.0
GS,2016-10-18,2.0
GS,2018-07-17,1.0
GS,2021-07-13,1.0
GS,2022-04-14,1.0
GS,2022-07-18,2.0
GWW,2018-01-24,1.0
GWW,2018-07-18,2.0
GWW,2018-10-16,1.0
GWW,2019-01-24,2.0
GWW,2019-04-22,1.0
GWW,2021-07-30,0.0
GWW,2023-04-27,2.0
HAL,2016-01-25,1.0
HAL,2017-04-24,1.0
HAL,2018-01-22,2.0
HAL,2018-07-23,1.0
HAL,2019-04-22,1.0
HAL,2021-04-21,1.0
HAL,2021-07-20,1.0
HAL,2021-10-19,1.0
HAL,2022-07-19,2.0
HAL,2022-10-25,1.0
HAL,2023-04-25,1.0
HAL,2023-07-19,1.0
HAS,2015-10-19,1.0
HAS,2016-02-08,1.0
HAS,2018-10-22,1.0
HAS,2020-07-27,1.0
HAS,2020-10-26,1.0
HAS,2021-04-27,2.0
HAS,2022-02-07,0.0
HAS,2022-04-19,1.0
HBAN,2016-04-20,2.0
HBAN,2017-07-21,2.0
HBAN,2019-01-24,1.0
HBAN,2019-07-25,1.0
HBAN,2021-04-22,0.0
HBAN,2021-10-28,0.0
HBAN,2022-01-21,2.0
HBAN,2022-04-21,1.0
HBAN,2022-10-21,2.0
HBAN,2023-07-21,1.0
HCA,2015-05-05,2.0
HCA,2015-08-05,1.0
HCA,2015-10-28,1.0
HCA,2016-01-28,2.0
HCA,2019-04-30,1.0
HCA,2022-01-27,1.0
HCA,2023-04-21,1.0
HIG,2015-07-28,2.0
HIG,2018-02-09,1.0
HIG,2022-04-29,2.0
HIG,2022-10-28,2.0
HIG,2023-07-28,1.0
HOG,2016-01-28,2.0
HOLX,2016-01-27,2.0
HOLX,2016-04-27,2.0
HOLX,2017-05-10,2.0
HOLX,2020-01-29,2.0
HOLX,2022-10-31,1.0
HPE,2016-11-22,2.0
HPE,2018-02-22,2.0
HPE,2019-02-21,2.0
HPE,2019-05-24,2.0
HPE,2020-03-03,0.0
HPE,2021-03-02,0.0
HPE,2021-06-01,2.0
HPE,2021-09-02,0.0
HPE,2021-11-30,2.0
HPE,2022-03-01,2.0
HPE,2022-06-01,1.0
HPE,2023-03-02,2.0
HPE,2023-08-29,1.0
HPQ,2016-05-25,2.0
HPQ,2017-02-22,1.0
HPQ,2017-08-23,1.0
HPQ,2018-02-22,2.0
HPQ,2018-05-29,1.0
HPQ,2018-08-23,2.0
HPQ,2019-11-26,1.0
HPQ,2020-02-24,2.0
HPQ,2020-11-24,2.0
HPQ,2021-02-25,2.0
HPQ,2021-08-27,1.0
HPQ,2022-05-31,1.0
HPQ,2023-05-30,1.0
HRL,2017-02-23,1.0
HRL,2018-05-24,2.0
HRL,2019-08-22,1.0
HRL,2020-08-25,1.0
HRL,2021-02-18,1.0
HRL,2021-12-09,1.0
HRL,2022-03-01,1.0
HRL,2023-06-01,1.0
HSIC,2016-11-02,1.0
HSIC,2019-02-20,1.0
HST,2019-05-02,1.0
HUM,2019-02-06,1.0
HUM,2019-11-06,1.0
ICE,2015-02-05,1.0
ICE,2017-08-03,2.0
ICE,2018-02-07,2.0
ICE,2018-05-03,2.0
ICE,2020-07-30,0.0
ICE,2023-05-04,1.0
ICE,2023-11-02,1.0
INCY,2019-07-30,1.0
INTC,2021-07-22,2.0
INTC,2023-04-27,1.0
INTC,2023-07-27,2.0
KEY,2016-10-25,1.0
KEY,2019-04-18,1.0
KEY,2019-07-23,0.0
KHC,2018-08-03,0.0
KHC,2018-11-02,0.0
KHC,2020-07-30,1.0
KHC,2020-10-29,2.0
KHC,2021-02-11,1.0
KHC,2021-08-04,1.0
KHC,2022-02-16,1.0
KHC,2022-07-27,1.0
KIM,2018-02-15,1.0
KIM,2019-01-31,2.0
KIM,2021-07-29,1.0
KIM,2021-11-05,0.0
KIM,2022-10-27,1.0
KIM,2023-04-27,2.0
KIM,2023-07-27,1.0
KLAC,2018-10-29,1.0
KLAC,2019-08-05,2.0
KLAC,2020-02-04,1.0
KLAC,2020-08-03,2.0
KLAC,2021-04-30,2.0
KLAC,2021-07-30,2.0
KLAC,2021-10-27,2.0
KLAC,2022-07-28,-1.0
KLAC,2022-10-26,1.0
KMB,2015-07-23,1.0
KMB,2015-10-21,1.0
KMB,2019-04-22,1.0
KMB,2019-10-22,2.0
KMB,2020-04-22,1.0
KMB,2021-10-25,2.0
KMB,2022-01-26,1.0
KMB,2022-10-25,1.0
KMB,2023-04-25,2.0
KMI,2015-04-21,1.0
KMI,2022-07-20,-1.0
KO,2016-10-26,2.0
KO,2017-07-26,1.0
KO,2018-02-16,2.0
KO,2018-04-24,2.0
KO,2018-07-25,2.0
KO,2019-02-14,1.0
KO,2019-04-23,1.0
KO,2019-10-18,2.0
KO,2020-01-30,1.0
KO,2021-04-19,2.0
KO,2021-07-21,1.0
KO,2022-07-26,2.0
KO,2023-02-14,1.0
KO,2023-04-24,1.0
KO,2023-07-26,2.0
KO,2023-10-24,2.0
KSS,2018-08-21,2.0
KSS,2019-08-20,1.0
LDOS,2019-07-30,2.0
LDOS,2019-10-29,2.0
LDOS,2022-05-03,2.0
LDOS,2022-11-01,2.0
LDOS,2023-05-02,2.0
LDOS,2023-10-31,2.0
LEG,2019-02-05,2.0
LEG,2019-07-30,1.0
LEG,2020-05-05,2.0
LEG,2021-02-09,1.0
LEG,2021-05-04,1.0
LEN,2016-06-21,2.0
LEN,2020-12-17,2.0
LEN,2021-03-17,2.0
LH,2015-07-28,2.0
LH,2016-04-25,2.0
LH,2018-04-25,2.0
LH,2019-07-25,2.0
LH,2022-04-28,2.0
LMT,2016-04-26,2.0
LMT,2017-01-24,2.0
LMT,2018-01-29,1.0
LMT,2018-04-24,1.0
LMT,2018-07-24,1.0
LMT,2019-04-23,2.0
LMT,2019-07-24,1.0
LMT,2019-10-22,1.0
LMT,2021-01-26,2.0
LMT,2023-04-18,1.0
LNC,2015-10-30,1.0
LNC,2016-11-03,1.0
LNC,2017-02-02,1.0
LNC,2017-05-06,2.0
LNC,2017-08-05,2.0
LNC,2017-11-02,2.0
LNC,2018-02-01,1.0
LNC,2018-05-03,1.0
LNC,2018-08-02,2.0
LNC,2019-02-07,2.0
LNC,2019-08-01,2.0
LNC,2020-02-06,2.0
LNC,2020-08-06,1.0
LNC,2021-02-04,2.0
LNC,2021-05-06,2.0
LNC,2023-11-02,1.0
LNT,2021-11-05,1.0
LNT,2023-08-04,1.0
LNT,2023-11-03,2.0
LOW,2015-05-20,2.0
LOW,2015-08-19,2.0
LOW,2015-11-18,2.0
LOW,2016-02-24,1.0
LOW,2016-05-18,1.0
LOW,2017-03-01,2.0
LOW,2017-11-21,1.0
LOW,2019-05-22,1.0
LOW,2019-08-21,2.0
LOW,2021-05-19,2.0
LRCX,2015-04-21,1.0
LRCX,2016-10-19,1.0
LRCX,2017-04-19,2.0
LRCX,2017-10-17,2.0
LRCX,2018-01-24,2.0
LRCX,2018-04-17,2.0
LRCX,2018-10-16,2.0
LRCX,2019-07-31,2.0
LRCX,2020-01-29,2.0
LRCX,2020-04-23,1.0
LRCX,2021-10-21,1.0
LRCX,2022-07-27,2.0
LRCX,2023-10-18,1.0
LYB,2015-04-24,2.0
LYB,2016-04-22,1.0
LYB,2016-07-30,0.0
LYB,2016-11-01,2.0
LYB,2023-10-27,1.0
M,2018-05-16,1.0
M,2021-02-23,1.0
MCK,2019-01-31,1.0
MCK,2022-02-02,2.0
MCK,2022-11-01,2.0
MCO,2015-05-01,1.0
MCO,2015-10-30,1.0
MCO,2016-04-29,1.0
MCO,2018-10-26,2.0
MDT,2015-12-04,2.0
MDT,2016-08-25,1.0
MDT,2017-02-21,2.0
MDT,2018-02-20,2.0
MDT,2018-08-21,1.0
MDT,2018-11-20,2.0
MDT,2021-05-27,2.0
MDT,2022-08-23,0.0
MDT,2023-08-22,1.0
MDT,2023-12-08,1.0
MGM,2021-04-28,2.0
MGM,2022-05-02,2.0
MHK,2015-05-08,1.0
MHK,2016-08-05,1.0
MHK,2017-07-28,1.0
MHK,2019-02-08,-1.0
MHK,2020-02-14,1.0
MHK,2021-04-30,1.0
MHK,2021-07-30,1.0
MHK,2021-10-29,2.0
MHK,2022-07-29,1.0
MKC,2015-10-01,1.0
MKC,2017-01-25,1.0
MKC,2018-06-28,2.0
MKC,2019-01-24,1.0
MKC,2019-03-26,1.0
MKC,2019-06-27,2.0
MKC,2019-10-01,1.0
MKC,2020-01-28,1.0
MKC,2020-06-25,2.0
MKC,2020-09-29,1.0
MKC,2021-01-28,1.0
MKC,2021-03-30,1.0
MKC,2022-01-27,2.0
MKC,2022-03-29,1.0
MKC,2022-10-06,1.0
MKC,2023-01-26,-1.0
MKC,2023-03-28,1.0
MKC,2023-06-29,2.0
MKC,2023-10-03,1.0
MKTX,2019-04-24,1.0
MKTX,2020-07-22,2.0
MKTX,2020-10-27,2.0
MKTX,2022-04-20,2.0
MKTX,2022-07-20,1.0
MKTX,2023-01-25,2.0
MKTX,2023-04-26,2.0
MLM,2016-02-10,1.0
MLM,2016-08-02,2.0
MLM,2017-05-02,2.0
MLM,2018-11-06,1.0
MLM,2019-02-12,2.0
MLM,2019-04-30,1.0
MLM,2019-10-29,1.0
MLM,2020-05-05,1.0
MLM,2023-02-15,1.0
MMM,2015-04-23,1.0
MMM,2016-04-26,2.0
MMM,2017-01-24,2.0
MMM,2018-04-24,2.0
MMM,2018-07-24,2.0
MMM,2019-04-25,1.0
MMM,2019-07-25,1.0
MMM,2020-04-28,0.0
MMM,2020-07-28,-1.0
MMM,2020-10-27,1.0
MMM,2021-04-27,2.0
MMM,2021-07-27,2.0
MMM,2021-10-26,1.0
MMM,2022-04-26,2.0
MMM,2023-07-25,2.0
MOS,2016-02-11,2.0
MOS,2018-05-08,2.0
MOS,2019-11-05,2.0
MOS,2020-02-20,2.0
MOS,2021-11-02,2.0
MRK,2018-07-27,2.0
MRK,2019-04-30,2.0
MRK,2019-10-29,2.0
MRK,2020-07-31,1.0
MRK,2020-10-27,2.0
MRK,2021-07-29,2.0
MRK,2021-10-28,2.0
MRK,2022-02-03,2.0
MRK,2022-07-28,2.0
MRK,2022-10-27,2.0
MRK,2023-04-27,2.0
MRK,2023-10-26,1.0
MS,2017-04-19,2.0
MS,2017-07-19,2.0
MS,2020-08-26,2.0
MSCI,2018-05-03,2.0
MSCI,2018-08-02,2.0
MSCI,2018-11-01,2.0
MSCI,2019-05-02,2.0
MSCI,2019-08-02,2.0
MSCI,2020-01-30,-1.0
MSCI,2021-01-28,2.0
MSCI,2021-07-27,2.0
MSCI,2021-10-26,2.0
MSCI,2022-10-25,0.0
MSCI,2023-01-31,2.0
MSI,2018-08-02,1.0
MSI,2019-02-07,1.0
MSI,2020-08-06,1.0
MSI,2021-02-04,2.0
MSI,2021-05-06,2.0
MSI,2021-08-06,2.0
MSI,2021-11-04,2.0
MSI,2022-05-12,2.0
MSI,2022-08-04,2.0
MSI,2023-05-04,2.0
MTD,2016-11-03,1.0
MTD,2017-02-02,2.0
MTD,2017-07-28,1.0
MTD,2018-07-27,1.0
MTD,2018-11-11,1.0
MTD,2019-05-10,1.0
MTD,2019-08-02,2.0
MTD,2020-02-06,1.0
MTD,2020-08-01,1.0
MTD,2021-07-29,2.0
MTD,2021-11-04,2.0
MTD,2022-02-11,2.0
MTD,2022-05-05,2.0
MTD,2022-07-30,2.0
MTD,2022-11-05,2.0
MTD,2023-02-10,2.0
MTD,2023-05-05,2.0
MTD,2023-07-27,1.0
MU,2017-06-29,1.0
MU,2017-09-27,1.0
MU,2018-06-20,1.0
MU,2019-09-26,1.0
MU,2019-12-18,1.0
MU,2020-06-29,1.0
MU,2020-09-29,1.0
MU,2023-12-20,1.0
NCLH,2017-05-10,2.0
NCLH,2017-11-11,0.0
NCLH,2018-11-08,2.0
NCLH,2019-02-21,2.0
NCLH,2021-05-06,1.0
NCLH,2022-11-08,-2.0
NDAQ,2015-01-29,2.0
NDAQ,2015-10-22,2.0
NDAQ,2016-04-27,2.0
NDAQ,2018-01-31,1.0
NDAQ,2018-04-25,2.0
NDAQ,2018-10-24,2.0
NDAQ,2019-01-30,1.0
NDAQ,2019-04-24,1.0
NDAQ,2019-07-24,1.0
NDAQ,2020-01-29,2.0
NDAQ,2020-07-22,2.0
NDAQ,2021-01-27,2.0
NDAQ,2021-04-21,2.0
NDAQ,2022-01-26,2.0
NDAQ,2022-07-20,2.0
NEE,2017-01-27,2.0
NEE,2020-01-24,1.0
NEE,2021-10-20,2.0
NEM,2021-10-28,2.0
NEM,2023-04-27,1.0
NKE,2015-03-19,2.0
NKE,2016-03-22,2.0
NKE,2016-06-29,1.0
NKE,2016-12-20,2.0
NKE,2017-06-30,2.0
NKE,2017-12-21,1.0
NKE,2018-06-28,2.0
NKE,2018-09-25,2.0
NKE,2019-03-21,2.0
NKE,2020-03-24,0.0
NKE,2021-06-24,2.0
NKE,2021-12-20,1.0
NKE,2022-03-21,2.0
NKE,2022-09-29,2.0
NKE,2022-12-20,2.0
NKE,2023-03-21,1.0
NKE,2023-06-29,1.0
NKE,2023-09-28,1.0
NOC,2016-04-27,-1.0
NOC,2016-10-26,1.0
NOC,2017-01-26,2.0
NOC,2018-04-25,1.0
NOC,2018-07-25,1.0
NOC,2018-10-24,2.0
NOC,2019-10-24,1.0
NOC,2020-04-29,1.0
NOC,2020-07-30,1.0
NOC,2021-07-29,2.0
NOC,2021-10-28,2.0
NOC,2023-01-26,1.0
NOC,2023-04-27,2.0
NOC,2023-07-27,1.0
NOV,2017-02-07,1.0
NOV,2019-07-30,1.0
NOV,2021-02-05,2.0
NOW,2020-07-29,1.0
NOW,2021-04-29,2.0
NOW,2023-04-26,2.0
NRG,2017-08-03,1.0
NRG,2018-08-02,0.0
NRG,2020-11-05,2.0
NRG,2021-05-13,2.0
NRG,2022-05-03,1.0
NSC,2017-04-26,1.0
NSC,2017-10-25,2.0
NSC,2018-07-25,2.0
NSC,2018-10-24,2.0
NSC,2019-01-24,2.0
NSC,2019-07-24,1.0
NSC,2020-01-29,2.0
NSC,2020-07-29,1.0
NSC,2020-10-28,1.0
NSC,2021-01-27,2.0
NSC,2021-04-28,2.0
NSC,2022-04-27,2.0
NSC,2022-07-27,0.0
NSC,2023-01-25,1.0
NTAP,2017-08-16,2.0
NTAP,2017-11-15,2.0
NTAP,2018-02-15,2.0
NTAP,2018-05-23,2.0
NTAP,2019-02-14,-1.0
NTAP,2019-05-22,1.0
NTAP,2019-11-13,-1.0
NTAP,2020-02-12,1.0
NTAP,2021-02-25,2.0
NTAP,2021-08-25,2.0
NTAP,2021-11-30,2.0
NTAP,2022-02-23,2.0
NTAP,2022-06-01,2.0
NTAP,2022-08-24,2.0
NTAP,2023-05-31,1.0
NTAP,2023-08-23,1.0
NTRS,2015-01-21,2.0
NTRS,2018-04-17,1.0
NTRS,2018-07-18,2.0
NTRS,2021-04-20,1.0
NUE,2016-01-28,2.0
NUE,2018-04-19,2.0
NUE,2018-07-19,1.0
NUE,2019-01-29,1.0
NUE,2020-01-28,1.0
NUE,2020-10-22,2.0
NUE,2021-04-22,2.0
NVDA,2020-11-18,2.0
NVDA,2023-08-23,2.0
NWL,2016-04-29,0.0
NWL,2017-02-06,-1.0
NWL,2017-08-04,1.0
NWL,2019-08-02,2.0
NWL,2019-11-01,2.0
NWL,2020-10-30,2.0
NWL,2021-02-15,2.0
NWL,2021-04-30,2.0
NWL,2021-07-30,1.0
NWL,2022-07-29,2.0
NWL,2023-07-28,1.0
NWS,2021-08-05,2.0
NWS,2022-11-08,1.0
NWSA,2021-08-05,2.0
NWSA,2022-11-08,1.0
O,2015-10-29,2.0
O,2022-05-05,1.0
ODFL,2020-07-30,1.0
ODFL,2021-04-22,2.0
ODFL,2021-10-28,2.0
ODFL,2022-04-27,2.0
ODFL,2023-02-01,1.0
OKE,2015-08-05,1.0
OKE,2016-05-04,1.0
OKE,2017-11-01,1.0
OKE,2021-08-04,1.0
ORCL,2015-12-16,2.0
ORCL,2016-12-15,2.0
ORCL,2017-12-14,2.0
ORCL,2020-09-10,1.0
ORCL,2021-12-09,2.0
ORCL,2022-06-13,2.0
ORCL,2023-09-11,1.0
ORLY,2017-10-26,2.0
ORLY,2020-07-30,-2.0
ORLY,2021-10-28,1.0
ORLY,2023-10-26,2.0
OXY,2019-05-07,2.0
OXY,2020-11-10,1.0
OXY,2021-05-11,2.0
OXY,2021-08-04,2.0
OXY,2021-11-05,2.0
OXY,2022-05-11,2.0
OXY,2023-05-10,2.0
PANW,2023-08-18,1.0
PAYX,2015-12-22,2.0
PAYX,2016-06-30,2.0
PAYX,2016-09-28,2.0
PAYX,2018-10-02,1.0
PAYX,2019-10-02,1.0
PAYX,2021-04-06,1.0
PAYX,2022-06-29,1.0
PAYX,2023-06-29,2.0
PCAR,2015-01-30,1.0
PCAR,2015-04-21,2.0
PCAR,2015-07-28,2.0
PCAR,2015-10-27,1.0
PCAR,2016-01-29,1.0
PCAR,2016-04-26,1.0
PCAR,2016-10-25,1.0
PCAR,2017-01-31,1.0
PCAR,2017-07-25,1.0
PCAR,2018-04-24,2.0
PCAR,2018-07-24,2.0
PCAR,2018-10-23,2.0
PCAR,2019-01-29,1.0
PCAR,2019-04-30,2.0
PCAR,2019-10-22,1.0
PCAR,2020-01-28,1.0
PCAR,2020-07-21,2.0
PCAR,2021-01-26,2.0
PCAR,2021-04-27,2.0
PCAR,2021-07-27,2.0
PCAR,2021-10-26,2.0
PCAR,2022-04-26,1.0
PCAR,2022-07-26,2.0
PCAR,2022-10-25,1.0
PCAR,2023-04-25,1.0
PCAR,2023-10-24,2.0
PEP,2015-07-09,1.0
PEP,2017-02-15,1.0
PEP,2017-04-26,1.0
PEP,2019-02-15,1.0
PEP,2021-07-13,1.0
PEP,2021-10-05,1.0
PEP,2023-04-25,1.0
PEP,2023-10-10,2.0
PFG,2015-01-30,2.0
PFG,2015-04-24,2.0
PFG,2016-02-02,1.0
PFG,2017-01-31,2.0
PFG,2019-04-26,1.0
PFG,2021-01-29,2.0
PFG,2022-04-29,1.0
PFG,2023-01-31,1.0
PFG,2023-07-28,2.0
PGR,2017-05-04,1.0
PGR,2020-11-04,0.0
PH,2017-02-02,0.0
PH,2018-04-26,1.0
PH,2021-08-05,2.0
PH,2022-02-03,2.0
PH,2022-11-03,1.0
PH,2023-11-02,2.0
PHM,2017-10-24,1.0
PHM,2020-07-23,1.0
PHM,2021-04-27,2.0
PHM,2023-04-25,2.0
PKG,2021-01-28,1.0
PKG,2021-04-27,1.0
PKG,2021-07-27,1.0
PKG,2022-07-26,1.0
PKG,2023-07-25,2.0
PLD,2017-04-18,2.0
PLD,2018-07-26,2.0
PLD,2019-07-16,2.0
PLD,2021-04-30,2.0
PLD,2022-01-19,1.0
PM,2018-04-19,0.0
PM,2019-04-18,2.0
PM,2019-07-18,2.0
PM,2019-10-17,1.0
PM,2021-10-19,2.0
PM,2023-04-20,2.0
PM,2023-07-20,2.0
PNC,2015-10-14,2.0
PNC,2017-01-13,1.0
PNC,2017-10-13,1.0
PNC,2018-04-13,1.0
PNC,2022-07-15,1.0
PNC,2023-01-18,2.0
PNR,2015-02-03,1.0
PNR,2015-04-21,1.0
PNR,2017-10-24,2.0
PNR,2018-01-30,2.0
PNR,2020-01-28,1.0
PNR,2021-04-22,1.0
PNR,2021-07-27,2.0
PNR,2023-04-27,1.0
PRGO,2017-02-27,1.0
PRGO,2017-08-10,1.0
PRGO,2020-08-05,2.0
PRU,2018-05-03,1.0
PRU,2018-11-08,2.0
PRU,2021-11-03,1.0
PSA,2017-07-27,1.0
PSA,2019-02-27,1.0
PSA,2020-02-26,1.0
PSA,2020-11-05,2.0
PSA,2022-05-04,2.0
PVH,2016-03-24,1.0
PVH,2016-08-25,1.0
PVH,2017-08-24,1.0
PVH,2019-05-30,2.0
PVH,2020-06-12,1.0
PVH,2021-06-03,2.0
PVH,2021-09-01,2.0
PVH,2022-12-01,2.0
PVH,2023-03-28,2.0
PWR,2017-08-05,2.0
PWR,2019-02-21,2.0
PWR,2020-05-10,1.0
PWR,2020-08-08,1.0
PWR,2021-11-04,2.0
PWR,2023-11-02,2.0
PYPL,2016-04-27,1.0
PYPL,2017-01-26,1.0
PYPL,2017-10-19,2.0
PYPL,2018-04-25,1.0
PYPL,2020-07-29,2.0
PYPL,2022-04-27,1.0
PYPL,2022-11-03,1.0
PYPL,2023-08-02,2.0
QCOM,2016-07-20,2.0
QCOM,2021-02-03,0.0
QCOM,2022-02-02,2.0
QRVO,2015-07-29,1.0
QRVO,2017-02-01,2.0
QRVO,2021-02-03,-1.0
QRVO,2021-08-04,2.0
QRVO,2021-11-03,0.0
QRVO,2023-11-01,1.0
RCL,2016-04-29,1.0
RCL,2017-04-28,1.0
RCL,2018-08-02,2.0
RCL,2019-07-25,1.0
RCL,2021-04-29,2.0
RCL,2023-05-04,2.0
RCL,2023-07-27,2.0
RCL,2023-10-26,2.0
REG,2017-08-04,1.0
REG,2021-02-12,1.0
REG,2022-08-05,2.0
REG,2022-11-04,1.0
REG,2023-02-10,2.0
REG,2023-05-05,-1.0
REGN,2019-11-05,2.0
REGN,2023-11-02,2.0
RF,2016-04-15,1.0
RF,2017-07-21,-1.0
RF,2018-07-20,1.0
RF,2018-10-23,1.0
RF,2019-10-22,1.0
RF,2020-01-17,2.0
RF,2021-10-22,2.0
RF,2022-01-20,1.0
RF,2022-07-22,1.0
RF,2023-01-20,1.0
RHI,2015-01-29,2.0
RHI,2015-04-24,2.0
RHI,2017-04-20,0.0
RHI,2018-01-30,2.0
RHI,2018-10-23,2.0
RHI,2021-01-28,2.0
RHI,2021-04-21,1.0
RHI,2022-01-27,2.0
RHI,2023-04-26,2.0
RJF,2019-01-24,1.0
RJF,2021-07-22,1.0
RJF,2021-10-28,-1.0
RJF,2022-01-27,2.0
RJF,2023-07-26,1.0
RL,2015-02-04,1.0
RL,2017-08-08,2.0
RL,2017-11-02,1.0
RL,2018-05-24,1.0
RL,2019-05-14,2.0
RL,2019-11-07,1.0
RL,2022-05-24,2.0
RL,2023-02-09,1.0
RL,2023-05-25,0.0
RL,2023-08-10,1.0
RL,2023-11-08,1.0
RMD,2021-10-28,2.0
ROK,2016-01-27,2.0
ROK,2017-01-25,1.0
ROK,2017-07-26,2.0
ROK,2018-07-25,2.0
ROK,2018-11-07,2.0
ROK,2021-01-26,2.0
ROK,2021-04-28,2.0
ROK,2021-07-27,2.0
ROK,2021-11-02,2.0
ROK,2022-01-27,1.0
ROK,2022-07-27,1.0
ROK,2022-11-02,2.0
ROK,2023-08-01,1.0
ROK,2023-11-02,1.0
ROL,2021-04-28,1.0
ROL,2022-04-27,2.0
ROL,2022-10-26,1.0
ROL,2023-02-16,1.0
ROL,2023-04-27,2.0
ROL,2023-10-26,2.0
ROP,2017-04-28,2.0
ROP,2019-04-25,1.0
ROP,2019-07-25,2.0
ROP,2021-01-29,1.0
ROP,2021-10-22,2.0
ROP,2022-10-26,2.0
ROST,2015-05-20,2.0
ROST,2016-02-29,2.0
ROST,2020-11-18,1.0
ROST,2021-05-19,2.0
ROST,2023-11-15,1.0
RSG,2015-04-24,1.0
RSG,2016-07-29,2.0
RSG,2017-04-28,2.0
RSG,2017-07-28,1.0
RSG,2019-07-26,1.0
RSG,2020-08-07,2.0
RSG,2020-11-05,2.0
RSG,2021-02-23,2.0
RSG,2021-04-30,1.0
RSG,2023-04-27,1.0
RSG,2023-10-26,1.0
SBUX,2021-04-27,2.0
SBUX,2022-02-01,1.0
SBUX,2022-11-03,1.0
SBUX,2023-02-02,1.0
SBUX,2023-11-02,-1.0
SEE,2015-10-27,2.0
SEE,2021-11-02,2.0
SHW,2017-01-26,2.0
SHW,2018-04-24,1.0
SHW,2018-07-24,2.0
SHW,2019-01-31,2.0
SHW,2020-04-29,0.0
SHW,2021-01-28,1.0
SHW,2021-04-27,2.0
SHW,2021-10-26,1.0
SHW,2022-01-27,1.0
SHW,2022-04-26,1.0
SHW,2022-10-25,1.0
SLB,2015-04-17,1.0
SLB,2016-01-22,1.0
SLB,2017-10-20,1.0
SLB,2018-04-20,1.0
SLB,2018-07-20,1.0
SLB,2019-01-18,-1.0
SLB,2020-01-17,0.0
SLB,2020-04-17,1.0
SLB,2020-07-24,1.0
SLB,2020-10-16,2.0
SLB,2021-04-23,1.0
SLB,2021-07-24,2.0
SLB,2021-10-22,2.0
SLB,2022-04-22,1.0
SLB,2022-07-22,2.0
SLB,2022-10-21,2.0
SLB,2023-07-21,2.0
SLB,2023-10-20,2.0
SLG,2015-04-23,1.0
SLG,2017-04-20,1.0
SLG,2019-10-17,1.0
SLG,2021-04-22,2.0
SMCI,2020-11-03,2.0
SMCI,2021-08-11,2.0
SMCI,2022-11-01,2.0
SMCI,2023-01-31,2.0
SMCI,2023-08-08,2.0
SNA,2015-02-05,-1.0
SNA,2020-10-22,1.0
SNA,2021-02-04,1.0
SNA,2021-10-21,1.0
SNA,2022-07-21,2.0
SNA,2022-10-20,-1.0
SO,2015-02-04,2.0
SO,2016-10-31,1.0
SO,2017-05-03,2.0
SO,2018-05-02,2.0
SO,2018-11-07,1.0
SO,2019-02-20,1.0
SO,2021-04-29,1.0
SO,2022-04-28,1.0
SO,2022-07-28,2.0
SWK,2015-04-23,1.0
SWK,2015-07-30,-1.0
SWK,2017-04-21,1.0
SWK,2017-10-24,2.0
SWK,2019-01-22,1.0
SWK,2019-10-24,1.0
SWK,2020-10-27,2.0
SWK,2021-04-28,2.0
SWKS,2016-11-03,2.0
SWKS,2018-02-06,1.0
SWKS,2019-02-05,1.0
SWKS,2019-05-02,2.0
SWKS,2020-11-02,2.0
SWKS,2021-07-29,1.0
SWKS,2021-11-04,2.0
SWKS,2022-11-03,2.0
SWKS,2023-05-08,2.0
SYK,2015-04-21,1.0
SYK,2016-04-20,1.0
SYK,2016-10-27,2.0
SYK,2018-10-25,2.0
SYK,2019-01-29,2.0
SYK,2019-07-25,1.0
SYK,2020-07-30,1.0
SYK,2023-05-01,2.0
SYY,2017-02-06,1.0
SYY,2017-05-08,1.0
SYY,2017-08-14,2.0
SYY,2020-02-03,1.0
SYY,2021-11-09,1.0
SYY,2022-05-10,1.0
SYY,2022-11-01,2.0
SYY,2023-08-01,2.0
T,2015-01-27,1.0
T,2016-04-26,1.0
T,2022-10-20,2.0
T,2023-01-25,1.0
T,2023-07-26,1.0
TAP,2015-11-05,1.0
TAP,2017-02-14,1.0
TAP,2017-08-02,2.0
TAP,2022-05-03,2.0
TAP,2022-08-02,1.0
TAP,2023-11-02,0.0
TECH,2021-05-09,1.0
TECH,2021-08-07,1.0
TECH,2021-11-02,2.0
TECH,2022-02-01,1.0
TECH,2022-05-04,1.0
TECH,2022-11-01,2.0
TFX,2019-05-03,1.0
TFX,2019-10-31,1.0
TFX,2021-05-02,2.0
TFX,2021-07-29,2.0
TFX,2021-10-28,1.0
TFX,2023-05-06,2.0
TGT,2015-05-20,2.0
TGT,2016-05-18,2.0
TGT,2016-11-16,2.0
TGT,2017-11-15,2.0
TGT,2018-05-23,2.0
TGT,2018-08-22,2.0
TGT,2019-05-22,2.0
TGT,2020-03-03,1.0
TGT,2020-05-20,0.0
TGT,2021-05-19,2.0
TGT,2021-08-18,2.0
TGT,2021-11-17,2.0
TJX,2015-02-25,1.0
TJX,2015-11-17,0.0
TJX,2016-05-17,2.0
TJX,2019-08-20,0.0
TJX,2023-05-17,1.0
TJX,2023-08-16,2.0
TMO,2015-01-29,2.0
TMO,2016-10-27,1.0
TMO,2017-04-26,1.0
TMO,2017-07-26,1.0
TMO,2018-04-25,2.0
TMO,2018-07-25,2.0
TMO,2018-10-24,1.0
TMO,2019-01-30,2.0
TMO,2019-10-23,1.0
TMO,2020-10-21,2.0
TMO,2021-07-28,2.0
TMO,2021-10-27,1.0
TMO,2022-04-28,2.0
TMO,2022-07-28,2.0
TMO,2023-04-26,1.0
TMUS,2020-05-06,2.0
TMUS,2022-02-02,2.0
TMUS,2022-07-27,1.0
TMUS,2023-10-25,-1.0
TPR,2016-04-26,1.0
TPR,2016-11-01,1.0
TPR,2017-08-15,1.0
TPR,2019-11-05,1.0
TPR,2020-10-29,2.0
TPR,2021-05-06,2.0
TPR,2021-08-19,2.0
TPR,2021-11-11,2.0
TPR,2022-02-10,2.0
TPR,2022-05-12,1.0
TPR,2022-08-18,1.0
TPR,2022-11-10,1.0
TPR,2023-02-09,1.0
TPR,2023-05-11,2.0
TPR,2023-11-09,1.0
TRV,2015-01-22,1.0
TRV,2015-10-20,1.0
TRV,2017-01-24,1.0
TRV,2019-07-23,1.0
TRV,2020-07-23,1.0
TRV,2021-01-21,2.0
TRV,2021-04-20,2.0
TRV,2021-07-20,2.0
TRV,2021-10-19,2.0
TRV,2023-01-24,2.0
TRV,2023-10-18,2.0
TSCO,2016-10-19,0.0
TSCO,2018-10-25,2.0
TSCO,2019-01-31,1.0
TSCO,2019-07-25,2.0
TSCO,2021-10-21,2.0
TSCO,2022-01-28,1.0
TSCO,2022-07-21,2.0
TSCO,2023-07-27,2.0
TSN,2020-08-03,-1.0
TSN,2021-02-11,1.0
TSN,2021-08-09,-1.0
TSN,2021-11-15,2.0
TSN,2022-02-07,1.0
TSN,2022-11-14,2.0
TSN,2023-08-07,1.0
TSN,2023-11-13,1.0
TTWO,2017-08-02,2.0
TTWO,2019-02-06,2.0
TTWO,2021-08-02,1.0
TTWO,2023-02-06,1.0
TXN,2017-07-25,1.0
TXN,2017-10-24,1.0
TXN,2018-04-24,1.0
UA,2017-10-31,-1.0
UA,2018-10-30,2.0
UA,2019-05-02,1.0
UA,2019-07-30,1.0
UA,2020-07-31,2.0
UA,2021-11-02,2.0
UAL,2015-04-23,2.0
UAL,2015-07-23,1.0
UAL,2016-01-21,2.0
UAL,2016-10-18,1.0
UAL,2017-04-18,1.0
UAL,2017-07-19,2.0
UAL,2018-04-18,2.0
UAL,2018-07-18,2.0
UAL,2018-10-17,1.0
UAL,2019-01-16,2.0
UAL,2019-04-17,1.0
UAL,2019-07-17,2.0
UAL,2020-07-22,2.0
UAL,2021-04-20,1.0
UAL,2021-07-21,0.0
UAL,2022-04-21,2.0
UAL,2022-10-19,1.0
UAL,2023-01-18,0.0
UAL,2023-04-19,-1.0
UHS,2023-04-26,0.0
ULTA,2016-05-26,2.0
ULTA,2016-08-25,2.0
ULTA,2018-05-31,2.0
ULTA,2019-03-14,2.0
ULTA,2019-05-30,2.0
ULTA,2021-08-25,2.0
ULTA,2022-08-25,2.0
ULTA,2023-03-09,2.0
ULTA,2023-08-24,2.0
ULTA,2023-11-30,2.0
UNM,2015-05-02,2.0
UNM,2016-07-28,2.0
UNM,2016-10-27,2.0
UNM,2017-02-02,2.0
UNM,2017-04-27,2.0
UNM,2017-07-28,2.0
UNM,2017-10-27,2.0
UNM,2018-02-01,0.0
UNM,2018-10-25,2.0
UNM,2019-05-01,2.0
UNM,2020-05-05,-2.0
UNM,2020-10-28,1.0
UNM,2021-05-06,2.0
UNP,2015-01-22,2.0
UNP,2016-07-21,2.0
UNP,2016-10-20,1.0
UNP,2017-01-19,1.0
UNP,2017-04-27,1.0
UNP,2018-01-25,2.0
UNP,2018-04-26,1.0
UNP,2018-07-19,2.0
UNP,2019-01-24,2.0
UNP,2019-07-18,2.0
UNP,2019-10-17,2.0
UNP,2020-04-23,1.0
UNP,2020-10-22,1.0
UNP,2021-04-22,2.0
UNP,2021-07-22,-1.0
UNP,2021-10-21,2.0
UNP,2022-01-20,2.0
UNP,2022-10-20,2.0
UNP,2023-04-20,-1.0
UNP,2023-07-26,-1.0
UNP,2023-10-19,-1.0
UPS,2015-04-28,2.0
UPS,2016-02-02,2.0
UPS,2016-07-30,2.0
UPS,2016-10-27,1.0
UPS,2017-04-27,1.0
UPS,2017-07-27,2.0
UPS,2017-10-26,1.0
UPS,2018-02-01,1.0
UPS,2018-04-26,1.0
UPS,2018-10-24,2.0
UPS,2019-01-31,1.0
UPS,2019-04-25,1.0
UPS,2019-07-24,1.0
UPS,2023-10-26,2.0
URI,2019-04-18,1.0
URI,2019-07-18,0.0
URI,2022-01-27,2.0
URI,2022-07-28,1.0
URI,2022-10-27,2.0
URI,2023-04-27,1.0
URI,2023-07-27,1.0
USB,2015-01-21,2.0
USB,2017-04-19,0.0
USB,2017-07-19,2.0
USB,2018-01-17,1.0
V,2017-02-02,1.0
V,2017-04-20,2.0
V,2017-07-20,2.0
V,2023-04-25,-1.0
VFC,2015-02-13,2.0
VFC,2016-10-24,1.0
VFC,2017-02-17,1.0
VFC,2018-05-04,2.0
VFC,2018-07-20,2.0
VFC,2018-10-19,2.0
VFC,2019-05-22,2.0
VFC,2019-07-24,2.0
VFC,2019-10-25,2.0
VFC,2020-01-23,2.0
VFC,2021-07-30,2.0
VFC,2021-10-22,1.0
VFC,2022-01-28,2.0
VFC,2022-05-19,-1.0
VFC,2022-10-26,1.0
VLO,2021-04-22,1.0
VMC,2015-02-05,2.0
VMC,2015-05-05,2.0
VMC,2015-08-05,0.0
VMC,2015-11-03,1.0
VMC,2016-02-04,0.0
VMC,2016-11-02,0.0
VMC,2018-03-01,2.0
VMC,2018-10-30,1.0
VMC,2019-02-15,1.0
VMC,2020-10-29,1.0
VMC,2021-11-04,-1.0
VMC,2022-05-04,1.0
VMC,2022-11-02,1.0
VMC,2023-05-04,2.0
VRSK,2017-05-03,0.0
VRSK,2023-03-01,2.0
VRSN,2015-04-23,1.0
VRTX,2017-10-25,2.0
VRTX,2019-02-06,1.0
VRTX,2020-01-31,1.0
VTR,2015-04-24,1.0
VTR,2016-02-12,2.0
VTR,2016-07-29,2.0
VTR,2016-10-28,1.0
VTR,2017-04-28,2.0
VTR,2017-10-27,2.0
VTR,2018-10-26,1.0
VTR,2020-05-09,0.0
VTR,2021-05-07,2.0
VTR,2022-02-18,2.0
VTR,2022-05-06,1.0
VTR,2022-08-05,1.0
VTR,2023-02-10,2.0
WAB,2020-07-28,-1.0
WAB,2020-10-29,2.0
WAB,2021-02-18,2.0
WAB,2021-04-29,2.0
WAB,2021-07-29,2.0
WAB,2022-02-16,2.0
WAB,2022-11-01,1.0
WAB,2023-02-15,2.0
WAB,2023-04-26,2.0
WAB,2023-07-27,2.0
WAB,2023-10-25,2.0
WAT,2015-04-28,0.0
WAT,2017-01-24,1.0
WAT,2017-07-25,2.0
WAT,2018-07-24,1.0
WAT,2018-10-23,1.0
WAT,2019-01-23,2.0
WAT,2021-02-02,1.0
WAT,2021-05-05,2.0
WAT,2021-08-03,2.0
WAT,2021-11-02,2.0
WAT,2022-05-03,2.0
WAT,2022-08-02,2.0
WAT,2022-11-01,2.0
WAT,2023-02-15,2.0
WAT,2023-08-02,1.0
WDAY,2019-05-28,1.0
WDAY,2020-05-27,1.0
WDAY,2021-05-26,2.0
WDAY,2021-08-26,2.0
WDAY,2021-11-18,2.0
WDAY,2022-02-28,2.0
WDAY,2022-08-25,2.0
WDAY,2022-11-29,1.0
WDAY,2023-08-24,1.0
WDC,2015-01-27,2.0
WDC,2015-04-28,2.0
WDC,2015-10-29,0.0
WDC,2016-10-26,2.0
WDC,2017-04-27,1.0
WDC,2017-10-26,2.0
WDC,2019-08-01,1.0
WDC,2020-01-30,1.0
WDC,2020-05-01,-1.0
WDC,2021-04-29,1.0
WDC,2021-08-04,2.0
WELL,2015-02-20,2.0
WELL,2017-02-22,2.0
WELL,2019-04-30,1.0
WELL,2019-08-02,-1.0
WELL,2022-02-16,2.0
WELL,2023-05-03,2.0
WHR,2015-02-04,1.0
WHR,2015-04-28,1.0
WHR,2015-07-22,-1.0
WHR,2015-10-23,2.0
WHR,2016-01-29,2.0
WHR,2017-07-27,1.0
WHR,2018-07-24,1.0
WHR,2019-07-23,1.0
WHR,2020-07-23,1.0
WHR,2021-01-28,2.0
WHR,2021-04-22,2.0
WHR,2021-07-22,1.0
WHR,2022-04-26,1.0
WHR,2022-07-26,1.0
WHR,2023-04-25,2.0
WHR,2023-07-25,2.0
WHR,2023-10-26,2.0
WMT,2015-05-19,1.0
WMT,2020-11-17,1.0
WMT,2021-05-18,2.0
WMT,2023-02-21,2.0
WY,2019-07-26,1.0
WY,2020-07-31,0.0
WY,2021-07-30,1.0
WY,2023-04-28,1.0
XEL,2020-05-07,2.0
XOM,2015-04-30,0.0
XOM,2015-07-31,2.0
XOM,2019-04-26,1.0
XOM,2020-07-31,2.0
XOM,2021-02-02,1.0
XOM,2023-10-27,2.0
XRAY,2015-07-30,1.0
XRAY,2017-11-03,1.0
XRAY,2019-03-01,1.0
XRAY,2020-03-02,1.0
XRAY,2023-02-28,2.0
XYL,2015-07-30,-1.0
XYL,2016-02-04,2.0
XYL,2016-05-03,1.0
XYL,2016-08-02,1.0
XYL,2016-11-01,1.0
XYL,2017-05-02,2.0
XYL,2017-08-01,2.0
XYL,2018-02-01,2.0
XYL,2018-05-01,2.0
XYL,2018-07-31,2.0
XYL,2018-10-30,2.0
XYL,2019-01-31,2.0
XYL,2019-05-04,1.0
XYL,2020-10-29,2.0
XYL,2021-02-04,2.0
XYL,2021-05-04,2.0
XYL,2021-08-03,2.0
XYL,2021-11-02,2.0
XYL,2022-02-03,1.0
XYL,2022-05-04,1.0
XYL,2022-08-02,2.0
XYL,2022-11-01,2.0
XYL,2023-02-07,2.0
XYL,2023-05-04,2.0
ZBH,2016-04-28,1.0
ZBH,2017-04-27,1.0
ZBH,2019-02-01,2.0
ZBH,2019-11-05,1.0
ZBH,2020-08-04,-1.0
ZBH,2020-11-06,1.0
ZBH,2021-05-04,2.0
ZBH,2022-02-07,1.0
ZBH,2022-05-03,1.0
ZBH,2022-08-02,2.0
ZBH,2023-02-03,1.0
ZBH,2023-08-01,2.0
ZBRA,2019-04-30,2.0
ZBRA,2019-07-31,1.0
ZBRA,2019-10-29,1.0
ZBRA,2020-02-13,1.0
ZBRA,2020-04-28,1.0
ZBRA,2020-11-03,2.0
ZBRA,2021-02-11,2.0
ZBRA,2021-05-04,2.0
ZBRA,2021-08-03,1.0
ZBRA,2022-02-10,-1.0
ZBRA,2022-05-03,2.0
ZION,2018-04-23,1.0
ZION,2021-10-18,1.0
ZTS,2015-05-05,1.0
ZTS,2015-08-04,1.0
ZTS,2016-11-02,1.0
ZTS,2017-08-08,1.0
ZTS,2019-08-06,2.0
ZTS,2021-08-05,1.0
