symbol,earnings_date,qa_spontaneity
A,2020-05-21,1.0
A,2020-08-18,2.0
A,2021-11-22,1.0
AAL,2015-07-27,-2.0
AAL,2015-10-23,-2.0
AAL,2016-01-29,2.0
AAL,2016-04-22,-2.0
AAL,2016-07-22,-2.0
AAL,2016-10-20,-2.0
AAL,2017-01-27,-2.0
AAL,2017-04-27,-2.0
AAL,2017-07-28,-2.0
AAL,2017-10-26,-2.0
AAL,2018-01-25,-2.0
AAL,2018-04-26,-2.0
AAL,2018-07-26,-2.0
AAL,2018-10-25,-2.0
AAL,2019-01-24,-2.0
AAL,2019-04-26,-2.0
AAL,2019-07-25,-2.0
AAL,2019-10-24,-2.0
AAL,2020-01-23,-2.0
AAL,2020-04-30,-2.0
AAL,2020-10-22,-2.0
AAL,2021-07-22,-2.0
AAL,2021-10-21,-2.0
AAL,2022-01-20,-2.0
AAL,2022-10-20,-1.0
AAL,2023-04-27,-1.0
AAL,2023-10-19,-1.0
AAP,2016-02-11,-1.0
AAP,2016-08-16,-1.0
AAP,2017-02-21,-2.0
AAP,2017-05-24,-2.0
AAP,2017-08-15,-1.0
AAP,2017-11-14,-1.0
AAP,2019-02-19,-1.0
AAP,2019-11-12,-1.0
AAP,2020-02-18,-1.0
AAP,2020-05-19,-1.0
AAP,2023-08-23,-1.0
ABBV,2015-01-30,-1.0
ABBV,2015-04-23,-1.0
ABBV,2015-07-24,-1.0
ABBV,2016-01-29,-1.0
ABBV,2016-07-29,-1.0
ABBV,2016-10-28,-1.0
ABBV,2017-01-27,-1.0
ABBV,2017-04-27,-1.0
ABBV,2017-07-28,-1.0
ABBV,2017-10-27,-2.0
ABBV,2018-01-26,-2.0
ABBV,2018-04-26,-2.0
ABBV,2018-07-27,-2.0
ABBV,2018-11-02,-2.0
ABBV,2019-01-25,-2.0
ABBV,2019-04-25,-2.0
ABBV,2019-11-01,-2.0
ABBV,2020-10-30,-2.0
ABBV,2021-10-29,-2.0
ABT,2018-01-24,-1.0
ACGL,2015-04-29,1.0
ACGL,2017-04-26,-2.0
ACGL,2018-05-02,1.0
ACGL,2022-02-10,1.0
ACGL,2023-02-14,-2.0
ACN,2015-03-26,-2.0
ACN,2015-06-25,-2.0
ACN,2015-09-24,-2.0
ACN,2015-12-17,-2.0
ACN,2016-03-24,-2.0
ACN,2016-06-23,-2.0
ACN,2016-09-29,-2.0
ACN,2016-12-21,-2.0
ACN,2017-03-23,-2.0
ACN,2017-06-22,-2.0
ACN,2017-09-28,-2.0
ACN,2017-12-21,-2.0
ACN,2018-03-22,-2.0
ACN,2018-06-28,-2.0
ACN,2018-09-27,-2.0
ACN,2019-06-27,-2.0
ACN,2019-09-26,-2.0
ACN,2019-12-19,-2.0
ACN,2020-09-24,-2.0
ACN,2020-12-17,-2.0
ACN,2021-03-18,-2.0
ACN,2021-06-24,-2.0
ACN,2021-09-23,-2.0
ADI,2015-02-18,-2.0
ADP,2018-10-31,1.0
ADP,2019-10-30,-2.0
ADP,2022-04-27,1.0
ADSK,2015-02-27,-2.0
ADSK,2015-05-20,-2.0
ADSK,2015-08-28,-2.0
ADSK,2016-02-25,-2.0
ADSK,2016-11-29,2.0
ADSK,2022-02-24,2.0
AEE,2017-02-16,-2.0
AEE,2017-08-04,0.0
AEE,2017-11-03,0.0
AEE,2020-08-07,0.0
AEE,2021-02-19,0.0
AEE,2021-08-06,0.0
AEE,2022-05-06,0.0
AEE,2022-08-05,0.0
AEE,2022-11-04,0.0
AEP,2019-01-24,1.0
AES,2021-11-04,0.0
AES,2022-02-25,0.0
AES,2022-05-06,0.0
AES,2023-05-05,0.0
AFL,2019-04-26,1.0
AFL,2020-07-29,0.0
AFL,2020-10-28,0.0
AFL,2021-04-29,0.0
AFL,2021-10-28,0.0
AFL,2022-04-28,0.0
AFL,2022-08-02,0.0
AFL,2022-11-01,0.0
AFL,2023-08-02,0.0
AIG,2016-02-12,0.0
AIG,2016-05-03,0.0
AIG,2016-08-03,0.0
AIG,2016-11-03,0.0
AIG,2017-02-15,0.0
AIG,2017-05-04,0.0
AIG,2017-08-03,0.0
AIG,2017-11-03,0.0
AIG,2018-08-03,0.0
AIG,2018-11-01,0.0
AIG,2019-02-14,0.0
AIG,2019-05-07,0.0
AIG,2019-08-08,0.0
AIG,2022-11-02,0.0
AIG,2023-02-16,0.0
AIG,2023-05-05,0.0
AIV,2015-02-06,0.0
AIV,2015-05-01,0.0
AIV,2015-07-31,0.0
AIV,2015-11-04,0.0
AIV,2016-02-05,0.0
AIV,2016-04-30,0.0
AIV,2016-07-29,0.0
AIV,2016-10-29,0.0
AIV,2017-02-03,0.0
AIV,2017-04-28,0.0
AIV,2017-07-29,0.0
AIV,2017-10-27,0.0
AIV,2018-02-02,-2.0
AIV,2018-05-08,-2.0
AIV,2018-08-04,-2.0
AIV,2018-11-02,-2.0
AIV,2019-02-05,-2.0
AIV,2019-05-03,-2.0
AIV,2019-11-01,-2.0
AIV,2020-01-31,-2.0
AIV,2020-05-08,-2.0
AIV,2020-08-05,-2.0
AIV,2020-10-30,-2.0
AIZ,2015-07-29,-2.0
AIZ,2016-10-26,-2.0
AIZ,2017-02-08,-2.0
AIZ,2017-05-03,-2.0
AIZ,2018-08-08,-2.0
AJG,2015-02-04,1.0
AKAM,2016-04-26,1.0
AKAM,2021-05-04,-2.0
AKAM,2021-11-02,-2.0
ALK,2019-01-24,-2.0
ALK,2019-07-25,-2.0
ALK,2020-01-28,-2.0
ALK,2021-07-22,-2.0
ALK,2021-10-21,-2.0
ALK,2022-01-27,1.0
ALK,2022-07-21,-2.0
ALL,2022-08-04,1.0
ALLE,2016-02-11,-2.0
ALLE,2016-04-28,-2.0
ALLE,2016-10-29,-2.0
AMAT,2022-11-17,1.0
AMD,2018-04-25,-2.0
AMD,2018-07-25,-2.0
AMD,2018-10-24,-2.0
AMD,2019-01-24,-2.0
AMD,2019-07-24,-2.0
AMD,2020-01-28,-2.0
AMD,2020-07-30,-2.0
AMD,2020-10-21,-2.0
AMD,2022-05-03,-2.0
AME,2019-02-05,-2.0
AME,2019-10-31,-2.0
AME,2020-10-29,-2.0
AMGN,2018-07-27,1.0
AMGN,2020-05-01,1.0
AMGN,2021-02-02,1.0
AMT,2016-04-29,-2.0
AMT,2016-07-28,-2.0
AMT,2022-10-27,-2.0
ANET,2017-02-16,-2.0
ANET,2017-11-02,-2.0
ANET,2020-11-02,-2.0
ANET,2021-02-18,-2.0
ANET,2021-05-04,-2.0
ANET,2021-08-02,-2.0
ANET,2021-11-01,-2.0
ANET,2022-02-14,-2.0
ANET,2022-05-02,-2.0
ANET,2022-08-01,-2.0
ANET,2022-10-31,-2.0
ANET,2023-02-13,-2.0
ANET,2023-05-01,-2.0
ANET,2023-07-31,-2.0
ANET,2023-10-30,-2.0
AON,2021-07-30,1.0
APA,2016-08-04,-2.0
APA,2017-05-04,2.0
APA,2017-11-02,-2.0
APA,2018-02-22,1.0
APA,2018-08-02,-2.0
APA,2021-05-06,-2.0
APA,2023-05-04,-2.0
APA,2023-11-02,-2.0
APH,2019-01-23,2.0
APH,2023-04-26,2.0
APO,2015-05-07,-2.0
APO,2016-08-03,-2.0
APTV,2021-11-04,-2.0
ARE,2015-02-03,-2.0
ARE,2015-04-28,-2.0
ARE,2015-07-28,-2.0
ARE,2015-11-04,-2.0
ARE,2016-02-03,-2.0
ARE,2016-08-02,-2.0
ARE,2016-11-02,-2.0
ARE,2017-02-01,-2.0
ARE,2017-05-03,-2.0
ARE,2017-08-01,-2.0
ARE,2017-11-01,-2.0
ARE,2018-01-31,-2.0
ARE,2018-10-30,0.0
ARE,2021-10-26,0.0
ATO,2019-08-08,1.0
AVB,2015-04-28,-2.0
AVB,2015-10-27,-2.0
AVB,2016-04-29,1.0
AVB,2021-02-04,1.0
AVB,2021-04-29,1.0
AVY,2015-10-31,-2.0
AWK,2015-11-05,0.0
AWK,2016-02-25,0.0
AWK,2016-05-05,0.0
AWK,2016-08-04,0.0
AWK,2016-11-03,1.0
AWK,2017-02-22,0.0
AWK,2017-05-04,0.0
AWK,2017-08-03,0.0
AWK,2017-11-02,0.0
AWK,2018-02-21,0.0
AWK,2018-05-03,0.0
AWK,2018-08-02,0.0
AWK,2018-11-01,0.0
AWK,2019-02-20,2.0
AWK,2019-05-02,0.0
AWK,2019-08-01,0.0
AWK,2019-10-31,0.0
AWK,2020-02-19,0.0
AWK,2020-05-07,0.0
AWK,2020-08-06,0.0
AWK,2021-05-04,0.0
AWK,2021-08-03,0.0
AWK,2022-02-17,0.0
AWK,2022-04-28,0.0
AWK,2022-07-28,0.0
AWK,2022-11-01,0.0
AWK,2023-02-16,1.0
AWK,2023-04-27,0.0
AWK,2023-07-27,0.0
AWK,2023-11-02,0.0
AXP,2015-01-21,0.0
AXP,2015-04-16,0.0
AXP,2015-10-22,0.0
AXP,2016-01-21,0.0
AXP,2016-04-21,0.0
AXP,2016-07-21,0.0
AXP,2016-10-19,0.0
AXP,2017-01-19,0.0
AXP,2017-04-19,0.0
AXP,2017-07-19,0.0
AXP,2017-10-18,0.0
AXP,2018-01-18,1.0
AXP,2018-04-18,0.0
AXP,2018-07-18,0.0
AXP,2018-10-18,0.0
AXP,2019-01-18,0.0
AXP,2019-04-18,1.0
AXP,2019-07-19,0.0
AXP,2019-10-18,0.0
AXP,2020-01-24,0.0
AXP,2020-04-24,-2.0
AXP,2020-07-24,-2.0
AXP,2020-10-23,-2.0
AXP,2021-01-26,-2.0
AXP,2021-04-23,-2.0
AXP,2021-07-23,-2.0
AXP,2021-10-22,-2.0
AXP,2022-01-25,-2.0
AXP,2022-04-22,-2.0
AXP,2022-10-21,1.0
AZO,2020-03-03,1.0
AZO,2020-12-08,1.0
AZO,2022-03-01,-2.0
BA,2022-07-27,-1.0
BAX,2015-04-23,-2.0
BAX,2017-02-01,-2.0
BAX,2019-10-24,-1.0
BBY,2015-08-25,-2.0
BBY,2016-02-25,-2.0
BBY,2017-05-25,-2.0
BBY,2019-02-27,-2.0
BBY,2019-11-26,-2.0
BBY,2020-02-27,-1.0
BEN,2016-02-03,2.0
BEN,2017-07-28,1.0
BIIB,2017-01-26,2.0
BIO,2020-08-02,-2.0
BK,2016-04-21,-2.0
BK,2021-10-19,-2.0
BKNG,2021-11-03,2.0
BR,2015-05-08,-2.0
BR,2016-02-04,-2.0
BR,2016-11-09,-2.0
BRO,2017-07-18,2.0
BRO,2018-10-23,1.0
BRO,2020-07-28,1.0
BSX,2015-02-04,-2.0
BSX,2015-04-28,-2.0
BSX,2015-07-23,-2.0
BSX,2015-10-28,-2.0
BSX,2016-02-04,-2.0
BSX,2016-04-27,-2.0
BSX,2016-07-28,-2.0
BSX,2016-10-26,-1.0
BSX,2017-02-02,-2.0
BSX,2017-04-27,-2.0
BSX,2017-07-27,-2.0
BSX,2017-10-26,-2.0
BSX,2018-02-02,-2.0
BSX,2018-04-25,-2.0
BSX,2018-07-25,-1.0
BSX,2018-10-24,-1.0
BSX,2023-04-26,-1.0
BSX,2023-10-26,-1.0
BWA,2015-10-29,1.0
BX,2015-10-15,1.0
BX,2016-04-22,-1.0
BX,2021-01-27,1.0
BXP,2015-01-30,-1.0
BXP,2015-04-28,-1.0
BXP,2015-08-01,-1.0
BXP,2015-10-30,-1.0
BXP,2016-02-04,-1.0
BXP,2016-04-27,-1.0
BXP,2016-07-27,-1.0
BXP,2016-10-26,-1.0
BXP,2017-02-01,-1.0
BXP,2017-04-26,-1.0
BXP,2017-08-02,-1.0
BXP,2017-11-05,-1.0
BXP,2018-01-31,-1.0
BXP,2018-04-25,-1.0
BXP,2018-08-01,-1.0
BXP,2018-10-31,1.0
BXP,2019-05-01,1.0
BXP,2019-10-30,2.0
BXP,2020-04-29,1.0
BXP,2020-07-30,1.0
BXP,2021-04-28,-1.0
BXP,2022-05-03,-1.0
BXP,2022-07-27,-1.0
BXP,2022-10-26,-1.0
BXP,2023-02-01,-1.0
BXP,2023-04-26,-1.0
BXP,2023-08-02,-1.0
BXP,2023-11-02,-1.0
C,2016-04-15,0.0
CAG,2015-03-26,-1.0
CAG,2015-09-22,-1.0
CAG,2015-12-22,-1.0
CAG,2016-04-07,-1.0
CAG,2016-09-29,-1.0
CAG,2019-12-19,2.0
CAG,2022-10-06,-1.0
CAG,2023-04-05,-1.0
CAH,2015-11-02,-1.0
CAT,2015-04-23,-1.0
CAT,2016-01-28,-1.0
CAT,2016-10-25,1.0
CAT,2017-04-26,-1.0
CAT,2018-04-24,-2.0
CBOE,2017-05-13,-2.0
CBOE,2017-08-06,-2.0
CBOE,2017-11-07,-2.0
CBOE,2018-02-09,-2.0
CBOE,2018-08-03,1.0
CBOE,2018-11-02,2.0
CBOE,2019-02-08,-2.0
CBOE,2019-05-03,-2.0
CBOE,2019-08-02,-2.0
CBOE,2019-11-01,-2.0
CBOE,2020-02-07,-2.0
CBOE,2020-05-01,-2.0
CBOE,2020-07-31,-2.0
CBOE,2020-10-30,-2.0
CBOE,2021-02-05,-2.0
CBOE,2021-04-30,-2.0
CBOE,2021-07-30,-2.0
CBOE,2021-10-29,-2.0
CBOE,2022-02-04,-2.0
CBOE,2022-04-29,-2.0
CBOE,2022-07-29,-2.0
CBOE,2022-11-04,-2.0
CBOE,2023-02-03,-2.0
CBOE,2023-05-05,-2.0
CBOE,2023-08-04,-2.0
CBOE,2023-11-03,-2.0
CCI,2021-10-21,-2.0
CDNS,2017-07-24,-2.0
CDNS,2017-10-27,-2.0
CDNS,2020-07-20,1.0
CDNS,2021-02-22,-2.0
CDNS,2021-04-26,-2.0
CDNS,2021-07-26,-2.0
CDNS,2021-10-25,-2.0
CDNS,2022-02-22,-2.0
CDNS,2022-04-25,-2.0
CDNS,2022-07-25,-2.0
CDNS,2022-10-24,-2.0
CDNS,2023-02-13,-2.0
CDNS,2023-04-24,-2.0
CDNS,2023-07-24,-2.0
CDNS,2023-10-23,-2.0
CE,2016-04-19,-2.0
CE,2016-07-26,-2.0
CE,2020-04-28,1.0
CE,2021-04-23,-2.0
CE,2021-10-22,-2.0
CFG,2016-07-22,-2.0
CFG,2017-07-21,-2.0
CHRW,2022-11-02,1.0
CHTR,2016-08-09,-2.0
CHTR,2020-05-01,1.0
CHTR,2020-07-31,0.0
CI,2016-07-29,-2.0
CI,2017-08-04,1.0
CI,2018-05-03,-2.0
CINF,2015-04-29,-2.0
CINF,2015-07-29,-2.0
CINF,2015-10-28,-2.0
CINF,2016-02-04,-2.0
CINF,2016-04-27,-2.0
CINF,2016-07-27,-2.0
CINF,2016-10-26,-2.0
CINF,2017-04-27,-2.0
CINF,2020-02-06,1.0
CINF,2020-04-28,-2.0
CINF,2022-02-16,-2.0
CL,2015-01-29,1.0
CL,2018-01-26,1.0
CL,2019-04-26,-2.0
CL,2019-11-01,-2.0
CL,2020-05-01,-2.0
CL,2020-10-30,-2.0
CL,2021-01-29,-2.0
CL,2021-04-30,-2.0
CL,2022-01-28,-2.0
CL,2022-04-29,-2.0
CL,2022-10-28,-2.0
CL,2023-04-28,-2.0
CLX,2018-05-02,-2.0
CLX,2018-08-02,-2.0
CLX,2018-10-31,-2.0
CLX,2019-02-04,-2.0
CLX,2019-05-01,-2.0
CLX,2019-08-01,-2.0
CLX,2019-10-31,1.0
CLX,2020-02-04,-2.0
CLX,2020-11-02,1.0
CLX,2021-02-04,1.0
CLX,2022-02-03,-2.0
CLX,2022-05-02,-2.0
CLX,2022-08-03,-2.0
CLX,2023-05-02,-2.0
CLX,2023-08-02,-2.0
CMCSA,2015-07-23,-2.0
CMCSA,2015-10-27,-2.0
CMCSA,2016-04-27,-2.0
CMCSA,2016-07-27,-2.0
CMCSA,2016-10-26,-2.0
CMCSA,2017-01-26,0.0
CMCSA,2017-04-27,0.0
CMCSA,2017-07-27,0.0
CMCSA,2017-10-26,0.0
CMCSA,2018-01-24,0.0
CMCSA,2018-04-25,0.0
CMCSA,2018-07-26,0.0
CMCSA,2019-01-23,0.0
CMCSA,2019-04-25,0.0
CMCSA,2019-07-25,0.0
CMCSA,2019-10-24,0.0
CMCSA,2020-01-23,0.0
CMCSA,2020-04-30,0.0
CMCSA,2020-07-30,0.0
CMCSA,2020-10-29,0.0
CMCSA,2021-01-28,0.0
CMCSA,2021-04-29,0.0
CMCSA,2021-07-29,0.0
CMCSA,2021-10-29,0.0
CMCSA,2022-01-27,0.0
CMCSA,2022-04-28,0.0
CMCSA,2022-07-28,0.0
CMCSA,2022-10-27,0.0
CMCSA,2023-01-26,0.0
CMCSA,2023-04-27,0.0
CMCSA,2023-07-27,0.0
CMCSA,2023-10-26,0.0
CME,2015-02-05,0.0
CME,2015-04-30,0.0
CME,2015-07-30,0.0
CME,2015-10-29,0.0
CME,2016-02-05,0.0
CME,2016-04-28,0.0
CME,2016-07-31,0.0
CME,2016-10-27,0.0
CME,2017-02-02,0.0
CME,2017-04-27,0.0
CME,2017-08-01,0.0
CME,2017-10-26,0.0
CME,2018-02-02,0.0
CME,2018-04-26,0.0
CME,2018-07-26,0.0
CME,2018-10-25,0.0
CME,2019-02-14,0.0
CME,2019-05-01,0.0
CME,2019-07-31,0.0
CME,2019-10-30,0.0
CME,2020-02-12,0.0
CME,2020-04-29,0.0
CME,2020-07-29,0.0
CME,2020-10-28,0.0
CME,2021-02-10,0.0
CME,2021-04-28,0.0
CME,2021-07-28,0.0
CME,2021-10-27,0.0
CME,2022-04-27,0.0
CME,2022-07-27,0.0
CME,2022-10-26,0.0
CME,2023-02-08,0.0
CMG,2016-04-26,0.0
CMG,2016-07-22,0.0
CMG,2016-10-25,0.0
CMG,2017-02-02,0.0
CMG,2017-10-24,0.0
CMG,2018-02-06,0.0
CMG,2018-04-25,0.0
CMG,2018-07-26,0.0
CMG,2018-10-25,0.0
CMG,2019-04-24,0.0
CMG,2019-07-23,0.0
CMG,2019-10-22,0.0
CMG,2020-02-05,0.0
CMG,2020-04-21,0.0
CMG,2020-07-23,0.0
CMG,2020-10-21,0.0
CMG,2021-02-02,0.0
CMG,2021-04-21,0.0
CMG,2021-07-20,0.0
CMG,2021-10-21,0.0
CMG,2022-02-08,0.0
CMG,2022-04-26,0.0
CMG,2022-07-26,0.0
CMG,2022-10-25,0.0
CMG,2023-02-07,0.0
CMG,2023-04-25,0.0
CMG,2023-07-26,0.0
CMG,2023-10-27,0.0
CMI,2015-01-28,0.0
CMI,2022-11-03,0.0
CMS,2023-04-27,1.0
CMS,2023-07-27,0.0
CNP,2018-08-03,0.0
CNP,2020-05-07,0.0
COF,2018-07-20,-1.0
COF,2019-01-23,0.0
COO,2016-03-04,0.0
COO,2016-06-02,0.0
COO,2016-09-01,0.0
COO,2016-12-09,0.0
COO,2017-12-07,2.0
COO,2021-03-04,0.0
COO,2021-12-02,0.0
COO,2022-03-03,0.0
COO,2022-08-31,0.0
COO,2022-12-08,0.0
COO,2023-06-01,0.0
COO,2023-08-30,0.0
COO,2023-12-07,1.0
COP,2015-04-30,0.0
COP,2015-10-30,0.0
COP,2017-02-02,0.0
COP,2017-05-02,0.0
COP,2017-07-27,0.0
COP,2017-10-26,0.0
COP,2018-02-01,0.0
COP,2018-04-26,0.0
COP,2018-10-25,0.0
COP,2019-01-31,0.0
COP,2019-10-29,0.0
COP,2020-02-04,1.0
COP,2020-04-30,0.0
COP,2021-11-03,0.0
COST,2015-05-28,0.0
COST,2015-12-09,0.0
COST,2016-05-26,0.0
COST,2016-09-29,0.0
COST,2017-03-03,0.0
COST,2017-10-06,0.0
COST,2017-12-15,0.0
COST,2018-06-01,0.0
COST,2018-10-05,0.0
COST,2019-03-07,0.0
COST,2019-12-12,0.0
COST,2020-05-29,0.0
COST,2020-09-25,0.0
COST,2020-12-11,0.0
COST,2021-03-04,0.0
COST,2021-12-09,0.0
COST,2022-03-03,0.0
COST,2022-12-08,0.0
COST,2023-09-26,0.0
COST,2023-12-14,0.0
CPB,2015-02-25,0.0
CPB,2015-05-22,0.0
CPB,2015-09-03,0.0
CPB,2016-05-20,0.0
CPB,2017-11-21,0.0
CPB,2018-02-16,0.0
CPB,2018-05-18,0.0
CPB,2019-06-05,0.0
CPB,2020-06-03,-2.0
CPB,2020-09-03,-2.0
CPB,2020-12-09,-2.0
CPB,2021-03-10,-2.0
CPB,2021-06-09,-2.0
CPB,2021-09-01,-2.0
CPB,2021-12-08,-2.0
CPB,2022-06-08,-2.0
CPB,2022-09-01,-2.0
CPB,2022-12-07,-2.0
CPB,2023-06-07,-2.0
CPB,2023-08-31,-2.0
CPB,2023-12-06,-2.0
CPRT,2023-02-21,1.0
CPRT,2023-09-14,1.0
CRM,2015-02-26,-2.0
CRM,2015-05-20,-2.0
CRM,2015-11-18,-2.0
CRM,2016-02-25,-2.0
CRM,2017-11-21,1.0
CRM,2018-11-28,1.0
CRM,2020-05-29,1.0
CRM,2021-05-27,1.0
CRM,2021-08-25,0.0
CRM,2021-11-30,1.0
CRWD,2020-09-02,-2.0
CSX,2017-07-19,1.0
CTAS,2017-12-21,-2.0
CTAS,2022-09-28,1.0
CTSH,2015-05-04,-2.0
CTSH,2015-11-04,-2.0
CTSH,2016-02-08,-2.0
CTSH,2016-05-06,-2.0
CTSH,2018-05-07,1.0
CTSH,2019-05-03,-2.0
CTSH,2019-08-01,-2.0
CTSH,2019-10-31,-2.0
CTSH,2020-02-06,-2.0
CTSH,2020-05-08,-2.0
CTSH,2020-07-30,-2.0
CTSH,2021-02-03,-2.0
CTSH,2021-05-05,-2.0
CTSH,2021-07-28,-2.0
CTSH,2021-10-27,-2.0
CTSH,2022-02-02,-2.0
CTSH,2022-05-04,-2.0
CTSH,2022-07-27,-2.0
CTSH,2022-11-02,-2.0
CTSH,2023-02-02,-2.0
CTSH,2023-05-03,-2.0
CTSH,2023-08-02,-2.0
CTSH,2023-11-01,-2.0
CTVA,2020-01-30,-2.0
CTVA,2020-05-07,-2.0
CTVA,2020-11-05,-2.0
CTVA,2021-02-04,-2.0
CTVA,2022-02-03,-2.0
CTVA,2022-11-04,-2.0
CTVA,2023-08-04,-2.0
CVX,2021-10-29,-2.0
CVX,2022-04-29,-2.0
CVX,2022-07-29,-2.0
CVX,2022-10-28,-2.0
CVX,2023-01-27,-2.0
CVX,2023-04-28,-2.0
CVX,2023-07-28,-2.0
D,2018-11-01,-2.0
D,2019-11-01,-2.0
D,2020-02-11,-2.0
DAL,2015-01-20,-2.0
DAL,2015-07-15,1.0
DAL,2016-01-19,-2.0
DAL,2016-07-14,-2.0
DAL,2020-04-22,-2.0
DAL,2022-07-13,1.0
DAL,2022-10-13,1.0
DAL,2023-04-13,1.0
DD,2023-11-01,1.0
DE,2015-02-20,-2.0
DE,2023-02-17,-2.0
DE,2023-05-19,-2.0
DELL,2019-08-30,-2.0
DELL,2022-08-25,1.0
DGX,2016-10-20,1.0
DGX,2019-04-23,1.0
DHI,2015-04-22,1.0
DHR,2016-04-21,-2.0
DHR,2023-10-24,-2.0
DIS,2015-02-03,-2.0
DIS,2015-05-05,-2.0
DIS,2016-02-09,-2.0
DIS,2019-11-07,-2.0
DIS,2020-05-06,-2.0
DIS,2020-08-04,-2.0
DIS,2021-05-13,-2.0
DIS,2021-08-12,-2.0
DIS,2021-11-10,-2.0
DIS,2022-02-09,-2.0
DIS,2022-05-11,-2.0
DIS,2022-08-10,-2.0
DIS,2023-02-08,-1.0
DIS,2023-05-10,-1.0
DOW,2015-01-29,-1.0
DOW,2015-10-22,1.0
DOW,2019-10-24,-1.0
DOW,2020-04-30,-1.0
DOW,2020-07-23,-1.0
DOW,2020-10-22,-1.0
DOW,2021-01-28,-1.0
DOW,2021-04-22,-1.0
DOW,2021-07-22,-1.0
DOW,2021-10-21,-1.0
DOW,2022-01-27,-1.0
DOW,2022-04-21,-1.0
DOW,2022-10-20,-1.0
DOW,2023-01-26,-1.0
DOW,2023-04-25,-1.0
DRI,2015-06-23,-1.0
DRI,2015-09-22,-1.0
DRI,2015-12-18,-1.0
DRI,2016-04-05,-1.0
DRI,2016-06-30,-1.0
DRI,2016-10-05,-1.0
DRI,2016-12-20,-1.0
DRI,2017-03-28,-1.0
DRI,2017-06-27,-1.0
DRI,2017-09-26,-1.0
DRI,2017-12-19,-1.0
DRI,2018-12-18,-1.0
DRI,2019-03-21,-1.0
DTE,2015-02-13,-1.0
DTE,2015-04-24,-1.0
DTE,2015-07-24,-1.0
DTE,2015-10-23,-1.0
DTE,2016-02-10,-1.0
DTE,2016-07-26,-1.0
DTE,2016-10-26,-1.0
DTE,2017-04-26,-1.0
DTE,2018-07-25,-1.0
DTE,2019-02-07,-1.0
DTE,2019-04-24,-1.0
DTE,2019-07-24,-1.0
DTE,2020-04-28,2.0
DUK,2015-11-05,1.0
DUK,2022-11-04,2.0
DVA,2016-02-11,-1.0
DVA,2022-08-01,1.0
DVN,2016-08-03,-1.0
DVN,2016-11-02,-1.0
DVN,2017-05-03,-1.0
DVN,2018-05-02,-1.0
DVN,2019-02-20,-1.0
DVN,2019-05-01,-1.0
DXC,2020-11-05,-1.0
DXC,2021-02-04,-1.0
DXC,2021-05-26,-1.0
DXC,2021-08-04,-1.0
EA,2015-01-27,-1.0
EA,2015-05-05,-1.0
EA,2015-07-30,-1.0
EA,2015-10-29,-1.0
EA,2016-01-28,-1.0
EA,2016-05-10,-1.0
EA,2016-08-02,-1.0
EA,2020-11-05,-1.0
EBAY,2018-07-18,-1.0
EBAY,2019-07-17,1.0
ECL,2016-05-03,-1.0
EFX,2015-04-23,-1.0
EFX,2015-07-23,-1.0
EFX,2015-10-22,-1.0
EFX,2016-02-11,-1.0
EFX,2016-05-01,-1.0
EFX,2016-07-31,-1.0
EFX,2022-02-10,-1.0
EFX,2022-04-21,-1.0
EIX,2015-02-25,-1.0
EIX,2015-07-30,-1.0
EIX,2015-10-27,-1.0
EIX,2016-02-23,-1.0
EIX,2016-05-02,-1.0
EIX,2016-07-30,-1.0
EIX,2016-11-01,-1.0
EIX,2017-02-21,-1.0
EIX,2017-05-01,-1.0
EIX,2017-07-28,-1.0
EIX,2017-10-30,-1.0
EIX,2018-05-01,-1.0
EIX,2018-07-26,-1.0
EIX,2018-10-30,-1.0
EIX,2019-02-28,-1.0
EIX,2019-04-30,-1.0
EIX,2019-10-29,-1.0
EIX,2020-02-27,-1.0
EIX,2020-04-30,-1.0
EIX,2020-07-28,-1.0
EIX,2020-10-27,-1.0
EIX,2021-02-25,-1.0
EIX,2021-07-29,-1.0
EIX,2021-11-02,-1.0
EIX,2022-02-24,-2.0
EIX,2022-05-03,-2.0
EIX,2022-07-28,-2.0
EIX,2022-11-01,-2.0
EIX,2023-02-23,-2.0
EIX,2023-05-02,-2.0
EIX,2023-07-27,-2.0
EIX,2023-11-01,-2.0
EL,2018-05-02,1.0
EL,2019-02-05,-2.0
EL,2019-05-01,-2.0
EL,2019-08-19,-2.0
EL,2021-08-19,-2.0
EL,2021-11-02,-2.0
EL,2022-02-03,-2.0
EL,2022-08-18,-2.0
EL,2023-05-03,-2.0
EL,2023-08-18,-2.0
EMR,2015-05-05,2.0
EMR,2021-11-03,1.0
EQR,2015-04-29,-2.0
EQR,2019-05-01,-2.0
EQR,2020-05-06,-2.0
EQR,2020-07-29,2.0
EQR,2021-10-27,-2.0
ES,2015-11-03,-2.0
ES,2023-02-14,1.0
ETN,2015-02-03,-2.0
ETN,2015-04-29,-2.0
ETN,2015-07-29,-2.0
ETN,2015-10-30,-2.0
ETN,2016-02-03,-2.0
ETN,2016-11-01,-2.0
ETN,2017-02-02,-1.0
ETN,2017-05-02,-2.0
ETN,2017-10-31,-2.0
ETN,2018-02-01,-2.0
ETN,2018-05-01,-2.0
ETN,2018-10-30,1.0
ETN,2019-04-30,-2.0
ETN,2019-10-29,-2.0
ETN,2021-02-02,-1.0
ETN,2021-11-02,-1.0
ETN,2022-02-04,-2.0
ETN,2022-11-01,1.0
ETR,2015-04-28,-2.0
ETR,2022-04-27,1.0
EVRG,2021-05-08,-2.0
EVRG,2021-11-03,2.0
EVRG,2022-11-04,-2.0
EW,2015-02-03,-2.0
EW,2015-04-23,-2.0
EW,2015-07-28,-2.0
EW,2015-10-26,-2.0
EW,2016-02-02,-2.0
EW,2016-04-27,-2.0
EW,2016-07-27,-2.0
EW,2016-10-26,-2.0
EW,2017-02-01,-2.0
EW,2017-04-26,-2.0
EW,2017-07-26,-2.0
EW,2017-10-24,-2.0
EW,2018-02-01,-2.0
EW,2018-04-24,-2.0
EW,2018-07-26,-2.0
EW,2018-10-24,-2.0
EW,2019-10-24,-2.0
EW,2020-01-31,-2.0
EW,2020-07-23,-2.0
EW,2020-10-22,-2.0
EW,2021-04-20,-2.0
EW,2021-07-30,-2.0
EW,2021-10-27,-2.0
EW,2022-01-26,-2.0
EW,2022-04-26,-2.0
EW,2023-04-26,-2.0
EXC,2015-04-29,-2.0
EXC,2015-10-30,-2.0
EXC,2016-02-03,-2.0
EXC,2016-05-06,-2.0
EXC,2017-02-08,-2.0
EXC,2017-05-03,-2.0
EXC,2017-08-02,-2.0
EXC,2017-11-02,-2.0
EXC,2018-02-07,-2.0
EXC,2018-05-02,-2.0
EXC,2018-08-02,-2.0
EXC,2018-11-01,-2.0
EXC,2019-02-08,-2.0
EXC,2019-05-02,-2.0
EXC,2019-08-01,-2.0
EXC,2019-10-31,-2.0
EXC,2020-02-11,-2.0
EXC,2020-05-08,-2.0
EXC,2020-08-04,-2.0
EXC,2020-11-03,-2.0
EXC,2021-02-24,-2.0
EXC,2021-05-05,-2.0
EXC,2021-08-04,-2.0
EXC,2021-11-03,-2.0
EXC,2022-05-09,0.0
EXC,2022-08-03,0.0
EXC,2022-11-03,0.0
EXC,2023-02-14,0.0
EXC,2023-05-03,0.0
EXPE,2015-04-30,0.0
EXPE,2015-07-30,0.0
EXPE,2015-10-29,0.0
EXPE,2016-02-11,0.0
EXPE,2016-04-28,0.0
EXPE,2018-04-26,0.0
EXPE,2019-05-02,0.0
EXPE,2020-05-20,0.0
EXPE,2021-05-06,0.0
EXPE,2021-08-05,0.0
EXPE,2021-11-04,0.0
EXPE,2022-05-02,0.0
EXPE,2022-08-04,0.0
EXPE,2022-11-03,0.0
F,2017-07-26,1.0
F,2017-10-26,1.0
FAST,2015-01-15,0.0
FAST,2015-04-14,1.0
FAST,2015-07-14,0.0
FAST,2017-10-11,1.0
FAST,2021-01-20,2.0
FDS,2019-12-19,0.0
FDS,2020-06-25,0.0
FDS,2020-09-24,0.0
FDS,2020-12-21,0.0
FDS,2021-03-30,0.0
FDS,2021-06-29,1.0
FDS,2021-09-28,0.0
FDS,2021-12-21,0.0
FDS,2022-03-24,0.0
FDS,2022-06-23,0.0
FDS,2022-09-22,0.0
FDS,2022-12-20,0.0
FDS,2023-03-23,0.0
FDS,2023-06-22,0.0
FDS,2023-09-21,0.0
FDS,2023-12-19,0.0
FDX,2015-09-16,0.0
FDX,2016-06-22,0.0
FDX,2016-09-20,0.0
FDX,2016-12-20,0.0
FDX,2017-03-21,0.0
FDX,2017-06-20,0.0
FDX,2017-09-19,0.0
FDX,2017-12-19,0.0
FDX,2018-03-20,0.0
FDX,2018-09-17,0.0
FDX,2019-03-19,0.0
FDX,2019-06-26,0.0
FDX,2019-09-17,0.0
FDX,2019-12-17,0.0
FDX,2020-03-17,0.0
FDX,2020-07-01,0.0
FDX,2020-09-16,0.0
FDX,2020-12-17,0.0
FDX,2021-03-18,0.0
FDX,2021-06-24,0.0
FDX,2021-09-23,0.0
FDX,2022-03-17,0.0
FDX,2022-06-23,0.0
FDX,2022-09-22,0.0
FDX,2022-12-20,0.0
FDX,2023-03-16,0.0
FDX,2023-06-20,0.0
FDX,2023-09-20,0.0
FIS,2021-11-04,0.0
FIS,2022-05-03,0.0
FIS,2023-02-13,0.0
FITB,2015-01-21,0.0
FITB,2015-04-21,0.0
FITB,2015-07-21,0.0
FITB,2016-01-21,0.0
FITB,2016-10-20,0.0
FITB,2017-07-21,0.0
FITB,2018-04-24,0.0
FITB,2019-10-22,1.0
FITB,2021-10-19,0.0
FITB,2022-01-20,0.0
FLS,2015-05-01,0.0
FLS,2016-07-30,0.0
FLS,2017-07-28,0.0
FLS,2021-02-24,2.0
FMC,2017-08-02,0.0
FMC,2019-10-30,0.0
FMC,2022-05-03,0.0
FRT,2016-05-05,0.0
FRT,2016-08-05,0.0
FRT,2016-11-06,0.0
FRT,2017-02-14,0.0
FRT,2017-05-04,0.0
FRT,2017-08-03,0.0
FRT,2017-11-04,0.0
FRT,2018-02-14,0.0
FRT,2018-05-03,0.0
FRT,2018-08-03,0.0
FRT,2018-11-01,-2.0
FRT,2019-02-14,-2.0
FRT,2019-05-03,-2.0
FRT,2019-08-07,-2.0
FRT,2019-10-31,-2.0
FRT,2020-02-11,-2.0
FRT,2020-05-07,-2.0
FRT,2020-08-06,-2.0
FRT,2020-11-06,-2.0
FRT,2021-02-12,-2.0
FRT,2021-05-06,-2.0
FRT,2021-08-04,-2.0
FRT,2021-11-04,-2.0
FRT,2022-02-10,-2.0
FRT,2022-05-05,-2.0
FRT,2022-08-04,-2.0
FRT,2022-11-03,-2.0
FRT,2023-02-08,-2.0
FRT,2023-05-04,-2.0
FRT,2023-08-02,-2.0
FRT,2023-11-02,-2.0
FSLR,2022-03-01,-2.0
FTI,2016-07-21,-2.0
FTI,2017-07-27,-2.0
FTNT,2018-05-03,-2.0
FTNT,2018-11-01,-2.0
FTNT,2020-05-11,-2.0
FTNT,2020-08-06,-2.0
FTNT,2020-10-29,-2.0
FTNT,2021-02-04,-2.0
FTNT,2021-07-29,-2.0
FTNT,2022-02-03,-2.0
FTNT,2022-05-04,-2.0
FTNT,2022-08-03,-2.0
FTNT,2022-11-02,-2.0
FTNT,2023-02-07,-2.0
FTNT,2023-05-04,-2.0
FTNT,2023-08-03,-2.0
FTNT,2023-11-02,-2.0
GE,2019-07-31,-2.0
GEN,2015-02-05,-2.0
GEN,2015-05-14,-2.0
GEN,2015-08-11,-2.0
GEN,2016-02-04,-2.0
GEN,2016-05-13,-2.0
GEN,2016-08-04,-2.0
GEN,2016-11-03,-2.0
GEN,2017-02-01,-2.0
GEN,2017-05-10,-2.0
GEN,2018-05-10,-2.0
GEN,2018-08-02,-1.0
GILD,2017-02-07,2.0
GILD,2020-02-04,-1.0
GILD,2021-04-29,2.0
GIS,2016-06-29,-1.0
GIS,2016-12-20,1.0
GIS,2020-12-17,2.0
GIS,2021-12-21,1.0
GIS,2022-09-21,-1.0
GLW,2018-10-23,-1.0
GLW,2019-04-30,-1.0
GLW,2019-10-29,-1.0
GLW,2020-04-28,-1.0
GLW,2020-10-27,-1.0
GLW,2021-04-27,2.0
GLW,2021-10-26,-1.0
GLW,2022-01-26,-1.0
GLW,2022-04-26,-1.0
GLW,2022-07-26,-1.0
GLW,2022-10-25,-1.0
GLW,2023-04-25,-1.0
GLW,2023-10-24,-1.0
GOOG,2016-02-02,-1.0
GOOG,2016-04-22,-1.0
GOOG,2018-04-24,1.0
GPN,2018-08-02,1.0
GS,2015-07-16,-1.0
GS,2015-10-15,1.0
GS,2016-04-19,-1.0
GWW,2017-01-25,1.0
HAS,2015-02-09,-2.0
HAS,2015-07-20,-2.0
HAS,2015-10-19,-2.0
HAS,2016-02-08,-2.0
HAS,2020-04-29,-2.0
HAS,2020-07-27,-2.0
HAS,2022-04-19,-2.0
HAS,2022-10-18,-2.0
HCA,2020-10-26,-1.0
HCA,2021-02-02,-1.0
HCA,2021-04-22,-1.0
HCA,2021-07-20,-1.0
HCA,2021-10-22,2.0
HCA,2022-01-27,-1.0
HIG,2015-04-28,-1.0
HIG,2015-07-28,-1.0
HIG,2015-10-27,-1.0
HIG,2016-04-29,-1.0
HIG,2016-07-31,-1.0
HIG,2016-10-28,-1.0
HIG,2017-04-28,0.0
HIG,2017-07-28,0.0
HIG,2018-02-09,0.0
HIG,2018-04-27,1.0
HIG,2018-10-26,0.0
HIG,2019-08-02,0.0
HIG,2019-11-05,0.0
HIG,2021-04-22,0.0
HIG,2021-10-29,0.0
HIG,2022-02-04,0.0
HIG,2022-04-29,0.0
HIG,2022-07-29,1.0
HIG,2022-10-28,0.0
HOLX,2018-05-02,0.0
HOLX,2021-01-27,1.0
HPE,2018-08-28,1.0
HPE,2020-08-25,0.0
HPQ,2015-11-24,0.0
HPQ,2017-11-21,0.0
HPQ,2018-08-23,1.0
HPQ,2023-08-29,0.0
HRL,2018-05-24,0.0
HRL,2018-08-23,0.0
HRL,2018-11-20,0.0
HRL,2019-05-23,0.0
HRL,2019-08-22,0.0
HRL,2019-11-26,0.0
HRL,2021-12-09,0.0
HRL,2022-03-01,0.0
HSIC,2019-05-07,0.0
HSIC,2019-08-06,0.0
HSIC,2020-11-02,0.0
HSIC,2021-02-17,0.0
HSIC,2021-05-04,0.0
HSIC,2021-08-03,1.0
HSIC,2021-11-02,0.0
HSIC,2022-05-03,0.0
HUM,2018-02-07,0.0
HUM,2018-05-02,0.0
HUM,2019-02-06,0.0
HUM,2019-07-31,1.0
HUM,2020-04-29,0.0
HUM,2020-08-05,0.0
HUM,2020-11-03,0.0
HUM,2021-02-03,0.0
HUM,2021-04-28,0.0
HUM,2021-07-28,0.0
HUM,2021-11-03,0.0
HUM,2022-02-02,0.0
HUM,2022-04-27,0.0
HUM,2022-07-27,-2.0
HUM,2022-11-02,-2.0
HUM,2023-11-01,-2.0
ICE,2016-05-04,1.0
ICE,2023-08-03,1.0
INCY,2020-08-04,-2.0
INTC,2015-01-22,-2.0
INTC,2015-04-23,-2.0
INTC,2023-07-27,-2.0
KEY,2017-04-20,-2.0
KEY,2018-07-19,-2.0
KEY,2018-10-18,1.0
KEY,2019-07-23,-2.0
KEY,2020-04-16,1.0
KEY,2021-10-21,-2.0
KHC,2015-11-06,-2.0
KHC,2019-02-22,-2.0
KHC,2020-10-29,-2.0
KHC,2021-02-11,-2.0
KIM,2016-04-29,-2.0
KIM,2020-05-08,1.0
KIM,2021-04-29,-2.0
KIM,2022-02-10,-2.0
KIM,2022-04-28,-2.0
KIM,2022-07-28,-2.0
KIM,2022-10-27,-2.0
KIM,2023-02-09,-2.0
KIM,2023-04-27,-2.0
KIM,2023-07-27,-2.0
KIM,2023-10-26,-2.0
KLAC,2015-04-23,-2.0
KLAC,2015-07-30,-2.0
KLAC,2020-02-04,-2.0
KLAC,2020-08-03,-2.0
KLAC,2020-10-28,-2.0
KLAC,2021-02-03,1.0
KLAC,2021-04-30,-2.0
KLAC,2021-07-30,-2.0
KMB,2019-10-22,2.0
KMB,2021-04-23,-2.0
KMB,2022-01-26,-2.0
KMB,2023-01-25,-2.0
KMB,2023-04-25,-2.0
KMB,2023-07-25,-2.0
KMB,2023-10-24,-2.0
KMI,2016-01-20,-1.0
KMI,2017-04-19,-1.0
KMI,2017-07-20,-1.0
KMI,2018-04-19,-1.0
KMI,2019-01-16,1.0
KMI,2020-07-22,1.0
KMI,2021-04-21,2.0
KMI,2021-07-21,0.0
KMI,2022-10-19,0.0
KO,2017-04-26,0.0
KO,2017-07-26,0.0
KO,2017-10-25,0.0
KO,2018-02-16,0.0
KO,2018-04-24,0.0
KO,2018-07-25,0.0
KO,2018-10-30,0.0
KO,2019-02-14,0.0
KO,2019-04-23,0.0
KO,2019-07-23,0.0
KO,2019-10-18,0.0
KO,2020-01-30,0.0
KO,2020-10-22,0.0
KO,2021-02-10,0.0
KO,2021-10-27,0.0
KO,2022-02-10,0.0
KO,2022-04-25,0.0
KO,2022-07-26,0.0
KO,2022-10-25,0.0
KO,2023-02-14,0.0
KSS,2020-05-19,0.0
KSS,2020-11-17,0.0
L,2017-02-06,0.0
L,2017-05-01,0.0
L,2017-07-31,0.0
L,2017-10-30,0.0
L,2018-02-12,0.0
L,2018-04-30,0.0
L,2018-11-05,0.0
L,2019-08-05,0.0
L,2020-05-04,0.0
L,2020-11-02,0.0
L,2021-11-01,0.0
L,2022-02-07,0.0
L,2022-10-31,0.0
LEG,2015-01-30,0.0
LEG,2015-05-01,0.0
LEG,2015-07-31,0.0
LEG,2016-07-29,0.0
LEG,2016-10-28,0.0
LEG,2017-01-31,0.0
LEG,2017-04-28,0.0
LEG,2017-07-28,2.0
LEG,2017-10-27,0.0
LEG,2018-02-06,0.0
LEG,2018-04-27,0.0
LEG,2018-07-27,-2.0
LEG,2019-02-05,-2.0
LEG,2019-04-30,-2.0
LEG,2019-10-29,-2.0
LEG,2022-02-08,-2.0
LEN,2021-09-21,2.0
LEN,2023-03-15,2.0
LH,2022-07-28,2.0
LMT,2018-07-24,2.0
LNC,2015-02-05,-2.0
LNC,2015-05-02,-2.0
LNC,2015-07-30,-2.0
LNC,2015-10-30,-2.0
LNC,2016-02-04,-2.0
LNC,2016-11-03,-2.0
LNC,2017-02-02,-2.0
LNC,2017-05-06,-2.0
LNC,2017-08-05,-2.0
LNC,2017-11-02,-2.0
LNC,2018-02-01,-2.0
LNC,2018-05-03,-2.0
LNC,2018-08-02,-2.0
LNC,2018-11-02,-2.0
LNC,2019-02-07,-2.0
LNC,2019-05-02,-2.0
LNC,2019-08-01,-2.0
LNC,2019-10-31,-2.0
LNC,2020-02-06,-2.0
LNC,2020-05-08,-2.0
LNC,2020-08-06,-2.0
LNC,2020-11-05,-2.0
LNC,2021-02-04,-2.0
LNC,2021-05-06,-2.0
LNC,2021-08-05,-2.0
LNC,2021-11-04,-2.0
LNC,2022-02-03,-2.0
LNC,2022-05-05,-2.0
LNC,2022-08-04,-2.0
LNC,2022-11-03,-2.0
LNC,2023-02-09,-2.0
LNC,2023-05-10,-2.0
LNC,2023-08-03,-2.0
LNC,2023-11-02,-2.0
LNT,2016-05-05,0.0
LOW,2015-02-25,1.0
LRCX,2015-04-21,-2.0
LRCX,2016-01-28,-2.0
LRCX,2016-04-21,-2.0
LRCX,2019-07-31,2.0
LYB,2020-05-01,-2.0
LYB,2022-01-28,-2.0
LYB,2022-07-29,-2.0
LYB,2023-02-03,-2.0
LYB,2023-04-28,-2.0
LYB,2023-08-04,-2.0
M,2019-02-26,-2.0
M,2019-05-15,-2.0
M,2019-08-14,-2.0
M,2020-09-02,-2.0
M,2020-11-19,-2.0
M,2021-02-23,-2.0
MCK,2017-01-25,1.0
MCK,2017-07-27,1.0
MCO,2015-05-01,-2.0
MCO,2021-04-28,1.0
MCO,2022-07-26,-2.0
MCO,2022-10-25,-2.0
MCO,2023-01-31,-2.0
MCO,2023-04-25,-2.0
MCO,2023-07-25,-2.0
MCO,2023-10-25,-2.0
MDT,2020-02-18,-2.0
MDT,2021-08-24,2.0
MDT,2022-08-23,-2.0
MKC,2017-01-25,-2.0
MKC,2019-10-01,-2.0
MKC,2020-03-31,-2.0
MKC,2020-09-29,-2.0
MKC,2021-03-30,-2.0
MKC,2021-07-01,-2.0
MKC,2022-01-27,-2.0
MKC,2022-03-29,-2.0
MKC,2023-01-26,1.0
MLM,2016-02-10,-2.0
MLM,2016-08-02,-2.0
MLM,2016-11-01,-2.0
MLM,2017-02-14,-2.0
MLM,2017-11-02,1.0
MLM,2018-07-28,-2.0
MLM,2018-11-06,-2.0
MLM,2020-07-28,-2.0
MMM,2022-04-26,1.0
MMM,2022-07-26,-2.0
MMM,2022-10-25,-2.0
MMM,2023-04-25,-2.0
MMM,2023-07-25,-2.0
MMM,2023-10-24,-2.0
MNST,2015-02-26,-2.0
MNST,2015-05-07,1.0
MNST,2016-04-29,-2.0
MNST,2017-05-04,0.0
MNST,2017-08-08,0.0
MNST,2017-11-08,0.0
MNST,2019-08-08,0.0
MNST,2019-11-08,0.0
MNST,2020-02-28,0.0
MOS,2015-02-11,1.0
MOS,2020-05-06,0.0
MOS,2021-02-18,0.0
MOS,2021-05-04,0.0
MOS,2021-08-03,0.0
MOS,2021-11-02,0.0
MOS,2022-02-23,0.0
MOS,2022-05-03,0.0
MOS,2022-08-02,0.0
MOS,2023-11-08,0.0
MRK,2020-02-05,1.0
MS,2016-11-22,0.0
MS,2020-02-26,0.0
MS,2020-08-26,1.0
MS,2021-04-16,2.0
MS,2021-07-15,1.0
MS,2022-04-14,1.0
MSCI,2019-05-02,0.0
MSCI,2020-04-28,0.0
MSCI,2020-07-28,0.0
MSCI,2020-10-27,0.0
MSCI,2021-04-27,0.0
MSCI,2021-07-27,0.0
MSCI,2021-10-26,0.0
MSCI,2022-10-25,0.0
MSCI,2023-01-31,0.0
MSCI,2023-04-25,0.0
MSCI,2023-07-25,0.0
MSI,2016-05-05,0.0
MSI,2020-05-08,0.0
MSI,2020-10-29,0.0
MSI,2021-05-06,0.0
MSI,2021-11-04,0.0
MSI,2022-02-10,0.0
MSI,2022-05-12,0.0
MSI,2022-08-04,0.0
MSI,2022-11-03,0.0
MSI,2023-05-04,0.0
MSI,2023-08-03,0.0
MSI,2023-11-02,0.0
MTB,2016-01-19,1.0
NCLH,2020-05-14,0.0
NDAQ,2016-01-28,1.0
NDAQ,2020-04-22,1.0
NDAQ,2023-04-19,-1.0
NEE,2022-04-21,-1.0
NEE,2022-07-22,1.0
NEE,2022-10-28,-1.0
NEE,2023-04-25,-1.0
NEE,2023-07-25,-1.0
NEE,2023-10-24,-1.0
NOC,2019-04-24,-1.0
NOC,2023-10-26,-1.0
NOV,2016-10-27,-1.0
NOV,2017-04-27,-1.0
NOV,2017-07-28,-1.0
NOV,2017-10-27,-1.0
NOV,2018-04-27,-1.0
NOV,2018-07-27,-1.0
NOV,2018-10-26,-1.0
NOV,2019-02-07,1.0
NOV,2019-04-26,-1.0
NOV,2019-07-30,-1.0
NOV,2019-10-29,-1.0
NOV,2020-02-07,-1.0
NOV,2020-04-28,-1.0
NOV,2020-07-28,-1.0
NOV,2020-10-27,-1.0
NOV,2021-04-28,-1.0
NOV,2021-07-28,1.0
NOV,2021-10-27,-1.0
NSC,2022-01-26,-1.0
NTAP,2021-08-25,1.0
NTRS,2018-10-17,-1.0
NTRS,2019-01-23,-1.0
NTRS,2019-04-23,-1.0
NTRS,2019-07-24,-1.0
NTRS,2019-10-23,-1.0
NTRS,2020-10-21,-1.0
NTRS,2021-04-20,-1.0
NTRS,2021-10-20,-1.0
NUE,2016-01-28,-1.0
NVDA,2020-02-13,2.0
NWS,2015-02-05,-1.0
NWS,2015-05-05,-1.0
NWS,2015-11-07,-1.0
NWS,2016-05-06,-1.0
NWS,2020-11-08,-1.0
NWS,2022-11-08,-1.0
NWS,2023-05-11,-1.0
NWS,2023-11-09,-1.0
NWSA,2015-02-05,-1.0
NWSA,2015-05-05,-1.0
NWSA,2015-11-07,-1.0
NWSA,2016-05-06,-2.0
NWSA,2020-11-08,-2.0
NWSA,2022-11-08,-2.0
NWSA,2023-05-11,-2.0
NWSA,2023-11-09,-2.0
O,2022-02-23,1.0
OKE,2016-08-03,1.0
ORCL,2015-03-17,2.0
ORCL,2016-12-15,1.0
ORCL,2017-12-14,-2.0
ORCL,2018-03-19,-2.0
ORCL,2020-09-10,-2.0
ORCL,2021-06-15,-2.0
ORCL,2021-09-13,-2.0
ORCL,2021-12-09,-2.0
ORCL,2022-03-10,-2.0
ORCL,2022-06-13,-2.0
ORCL,2022-09-12,-2.0
ORCL,2022-12-12,-2.0
ORCL,2023-03-09,-2.0
ORCL,2023-06-12,-2.0
ORCL,2023-09-11,-2.0
ORCL,2023-12-11,-2.0
ORLY,2015-02-05,-2.0
ORLY,2015-04-23,-2.0
ORLY,2015-08-01,-2.0
ORLY,2015-10-30,-2.0
ORLY,2016-02-11,-2.0
ORLY,2016-05-01,-2.0
ORLY,2016-07-31,2.0
ORLY,2017-02-08,-2.0
ORLY,2017-10-26,-2.0
ORLY,2018-02-08,-2.0
ORLY,2019-02-07,-2.0
ORLY,2019-04-25,-2.0
ORLY,2019-10-25,-2.0
ORLY,2020-02-06,-2.0
ORLY,2020-04-23,-2.0
ORLY,2020-07-30,-2.0
ORLY,2020-10-29,-2.0
ORLY,2021-02-11,-2.0
ORLY,2021-04-29,-2.0
ORLY,2021-07-29,-2.0
ORLY,2021-10-28,-2.0
ORLY,2022-02-10,-2.0
ORLY,2022-04-28,-2.0
ORLY,2022-07-28,-2.0
ORLY,2022-10-27,-2.0
ORLY,2023-04-27,-2.0
ORLY,2023-07-27,-2.0
ORLY,2023-10-26,0.0
PANW,2020-11-16,0.0
PANW,2021-11-19,0.0
PANW,2022-02-22,1.0
PANW,2022-05-20,2.0
PANW,2022-08-22,1.0
PANW,2022-11-17,0.0
PANW,2023-02-21,0.0
PANW,2023-05-23,0.0
PAYX,2017-10-03,1.0
PAYX,2018-06-27,0.0
PAYX,2020-03-25,0.0
PEG,2015-02-20,0.0
PEG,2015-05-01,0.0
PEG,2015-07-31,0.0
PEG,2015-10-30,0.0
PEG,2016-02-19,0.0
PEG,2016-07-29,0.0
PEG,2016-10-31,0.0
PEG,2022-05-03,0.0
PEG,2023-05-02,0.0
PEG,2023-10-31,0.0
PEP,2015-04-23,0.0
PEP,2016-02-11,0.0
PEP,2016-04-18,0.0
PEP,2016-09-29,0.0
PEP,2019-02-15,0.0
PEP,2020-07-13,0.0
PEP,2020-10-01,0.0
PEP,2021-02-11,0.0
PEP,2021-04-15,0.0
PEP,2021-07-13,0.0
PEP,2023-10-10,0.0
PFG,2015-01-30,0.0
PFG,2015-04-24,0.0
PFG,2015-07-24,0.0
PFG,2015-10-23,0.0
PFG,2016-02-02,0.0
PFG,2016-04-29,1.0
PFG,2017-01-31,0.0
PFG,2017-04-28,0.0
PFG,2017-10-27,0.0
PFG,2018-01-30,0.0
PFG,2018-04-27,0.0
PFG,2018-10-26,0.0
PFG,2019-01-30,0.0
PFG,2019-04-26,0.0
PFG,2019-07-26,0.0
PFG,2019-10-25,0.0
PFG,2021-04-28,0.0
PFG,2021-07-28,-2.0
PFG,2021-10-27,-2.0
PFG,2022-02-08,-2.0
PFG,2022-04-29,-2.0
PFG,2022-10-28,-2.0
PFG,2023-04-28,-2.0
PFG,2023-07-28,-2.0
PFG,2023-10-27,-2.0
PGR,2015-08-06,-2.0
PGR,2016-03-02,-2.0
PGR,2018-03-01,-2.0
PGR,2019-02-28,-2.0
PGR,2019-08-08,-2.0
PGR,2020-05-06,-2.0
PGR,2020-08-06,-2.0
PGR,2020-11-04,-2.0
PGR,2021-03-02,-2.0
PGR,2021-05-05,-2.0
PGR,2021-08-04,-2.0
PGR,2021-11-03,-2.0
PGR,2022-03-01,-2.0
PGR,2022-05-03,-2.0
PGR,2022-11-02,2.0
PGR,2023-02-28,-2.0
PGR,2023-05-03,-2.0
PGR,2023-08-02,-2.0
PGR,2023-11-01,-2.0
PH,2017-02-02,2.0
PKG,2017-04-27,-2.0
PKG,2018-01-31,-2.0
PKG,2018-07-26,-2.0
PKG,2019-10-24,-2.0
PKG,2020-01-30,-2.0
PKG,2020-07-29,-2.0
PKG,2021-10-26,-2.0
PKG,2022-01-27,-2.0
PKG,2022-07-26,-2.0
PKG,2022-10-25,-2.0
PKG,2023-01-26,-2.0
PKG,2023-10-24,-2.0
PLD,2015-07-21,2.0
PM,2015-10-15,-2.0
PM,2021-04-20,-2.0
PNC,2017-10-13,-1.0
PNR,2018-04-19,-2.0
PNR,2022-10-25,-2.0
PNR,2023-01-31,-2.0
PNW,2023-08-03,-2.0
PRGO,2016-11-10,2.0
PRGO,2017-02-27,-2.0
PRU,2015-08-06,1.0
PRU,2016-05-05,-1.0
PRU,2016-08-04,-1.0
PRU,2018-02-08,1.0
PRU,2018-11-08,-1.0
PSA,2019-05-03,-1.0
PSA,2020-05-01,-1.0
PSA,2021-04-29,-1.0
PSA,2022-02-23,-1.0
PSA,2022-05-04,-1.0
PSA,2022-11-02,-1.0
PSA,2023-02-22,-1.0
PSA,2023-10-31,-1.0
PVH,2016-05-26,-1.0
PVH,2021-03-31,-1.0
PVH,2021-12-02,-1.0
PVH,2022-03-30,-1.0
PVH,2022-06-02,-1.0
PVH,2023-03-28,-1.0
PWR,2015-02-19,-1.0
PWR,2015-04-30,-1.0
PWR,2015-08-05,-1.0
PWR,2015-11-05,-1.0
PWR,2016-02-25,-1.0
PWR,2016-05-05,-1.0
PWR,2016-08-04,-1.0
PWR,2017-02-21,-1.0
PWR,2017-05-07,-1.0
PWR,2017-08-05,-1.0
PWR,2018-05-03,-1.0
PWR,2020-05-10,1.0
PWR,2022-08-04,-1.0
PWR,2022-11-03,-1.0
PYPL,2019-07-24,-1.0
QCOM,2015-01-28,-1.0
QCOM,2015-04-22,-1.0
QCOM,2015-07-22,-1.0
QCOM,2015-11-04,-1.0
QCOM,2016-01-27,-1.0
QCOM,2016-04-20,-1.0
QCOM,2016-07-20,-1.0
QCOM,2016-11-02,-1.0
QCOM,2017-01-25,-1.0
QCOM,2017-04-19,-1.0
QCOM,2017-07-19,1.0
QCOM,2017-11-01,-1.0
QCOM,2018-01-31,-1.0
QCOM,2018-04-25,-1.0
QCOM,2018-07-25,-1.0
QCOM,2018-11-07,-1.0
QCOM,2019-01-30,0.0
QCOM,2019-07-31,0.0
QCOM,2019-11-06,0.0
QCOM,2020-02-05,0.0
QCOM,2020-04-29,0.0
QCOM,2020-07-29,0.0
QCOM,2020-11-04,0.0
QCOM,2021-02-03,0.0
QCOM,2021-04-28,0.0
QCOM,2021-07-28,0.0
QCOM,2021-11-03,0.0
QCOM,2022-02-02,0.0
QCOM,2022-04-27,0.0
QCOM,2022-07-27,0.0
QCOM,2022-11-02,0.0
QCOM,2023-02-02,0.0
QCOM,2023-05-03,0.0
QCOM,2023-08-02,0.0
QCOM,2023-11-01,0.0
QRVO,2015-11-06,0.0
QRVO,2016-02-05,0.0
QRVO,2016-05-04,0.0
QRVO,2016-08-02,0.0
QRVO,2016-11-03,0.0
QRVO,2017-02-01,0.0
QRVO,2017-05-04,0.0
QRVO,2017-08-02,0.0
QRVO,2017-11-01,0.0
QRVO,2018-01-31,0.0
QRVO,2018-05-02,0.0
RCL,2015-04-20,0.0
RCL,2015-07-31,0.0
RCL,2015-10-23,0.0
RCL,2016-02-02,0.0
RCL,2016-04-29,0.0
RCL,2016-08-02,0.0
RCL,2016-10-28,0.0
RCL,2017-11-07,0.0
RCL,2018-10-25,0.0
RCL,2019-01-30,0.0
RCL,2019-05-01,0.0
RCL,2019-10-30,0.0
RCL,2020-05-20,0.0
RCL,2020-08-10,0.0
RCL,2020-10-29,0.0
RCL,2021-10-29,0.0
RCL,2022-02-04,0.0
RCL,2022-05-05,0.0
RCL,2022-07-28,0.0
RCL,2022-11-03,0.0
RCL,2023-02-07,0.0
RCL,2023-05-04,0.0
RCL,2023-07-27,0.0
RCL,2023-10-26,0.0
REG,2017-08-04,1.0
REG,2020-02-14,-1.0
REGN,2015-08-04,-2.0
REGN,2018-02-08,1.0
REGN,2018-05-03,0.0
REGN,2023-02-03,0.0
RF,2016-10-18,0.0
RHI,2020-07-23,0.0
RJF,2017-01-26,2.0
RJF,2017-07-29,0.0
RJF,2017-10-26,0.0
RJF,2018-01-25,1.0
RJF,2018-07-26,1.0
RJF,2019-01-24,1.0
RJF,2019-04-27,0.0
RJF,2019-07-25,0.0
RJF,2019-10-24,0.0
RJF,2020-01-23,0.0
RJF,2020-05-01,-1.0
RJF,2020-07-31,0.0
RJF,2020-10-29,0.0
RJF,2021-01-28,0.0
RJF,2021-10-21,0.0
RJF,2021-10-28,0.0
RJF,2022-01-27,0.0
RJF,2022-04-28,-1.0
RJF,2022-07-28,0.0
RJF,2022-10-27,0.0
RJF,2023-04-26,0.0
RJF,2023-07-26,0.0
RJF,2023-10-25,0.0
RMD,2018-10-25,0.0
ROK,2015-01-28,1.0
ROK,2015-07-29,0.0
ROK,2015-11-10,0.0
ROK,2016-01-27,0.0
ROK,2018-01-24,1.0
ROK,2019-11-12,0.0
ROL,2021-10-27,0.0
ROP,2018-04-20,-2.0
ROP,2020-07-28,-2.0
ROP,2021-07-23,0.0
ROP,2022-04-26,0.0
RSG,2023-02-15,0.0
RSG,2023-07-31,0.0
SBUX,2018-01-26,0.0
SBUX,2018-07-26,0.0
SBUX,2021-04-27,0.0
SEE,2015-07-30,0.0
SEE,2016-04-28,0.0
SEE,2016-10-30,0.0
SEE,2019-08-02,0.0
SLB,2015-10-16,0.0
SMCI,2020-02-08,0.0
SMCI,2020-05-09,0.0
SMCI,2020-08-11,0.0
SMCI,2020-11-03,0.0
SMCI,2021-02-02,0.0
SMCI,2021-05-05,0.0
SMCI,2022-05-03,0.0
SMCI,2022-08-09,0.0
SMCI,2022-11-01,0.0
SMCI,2023-01-31,0.0
SMCI,2023-05-02,0.0
SMCI,2023-08-08,0.0
SMCI,2023-11-01,0.0
SNA,2023-02-02,1.0
SO,2023-04-27,1.0
SWKS,2020-01-23,0.0
SYK,2017-01-24,2.0
SYK,2023-05-01,1.0
SYY,2015-05-04,0.0
SYY,2018-11-05,1.0
SYY,2020-02-03,0.0
SYY,2020-05-05,0.0
SYY,2020-08-11,0.0
SYY,2022-05-10,0.0
SYY,2022-08-09,1.0
SYY,2023-05-02,2.0
SYY,2023-10-31,0.0
T,2019-07-24,0.0
T,2020-04-22,0.0
TAP,2015-11-05,0.0
TAP,2016-02-15,0.0
TAP,2017-08-02,0.0
TAP,2022-02-23,0.0
TAP,2022-05-03,0.0
TAP,2022-08-02,0.0
TAP,2022-11-01,0.0
TAP,2023-02-21,0.0
TAP,2023-05-02,0.0
TAP,2023-08-01,0.0
TAP,2023-11-02,0.0
TFX,2020-11-01,0.0
TGT,2016-05-18,1.0
TJX,2015-11-17,0.0
TJX,2018-08-21,-2.0
TJX,2018-11-20,-2.0
TJX,2019-02-27,-2.0
TJX,2019-08-20,-2.0
TJX,2023-02-22,1.0
TJX,2023-05-17,-2.0
TJX,2023-08-16,-2.0
TMO,2015-10-21,-2.0
TMO,2016-01-28,-2.0
TMUS,2019-10-28,2.0
TMUS,2021-11-02,1.0
TPR,2016-04-26,-2.0
TPR,2016-08-09,-2.0
TPR,2016-11-01,-2.0
TPR,2017-01-31,-2.0
TPR,2017-05-02,-2.0
TPR,2017-08-15,1.0
TPR,2017-11-07,-2.0
TPR,2018-02-06,-2.0
TPR,2018-05-01,-2.0
TPR,2018-08-14,-2.0
TRV,2017-04-21,-2.0
TRV,2019-01-22,-2.0
TRV,2020-04-21,-2.0
TSCO,2018-01-31,-2.0
TSCO,2019-10-24,-2.0
TSCO,2020-01-30,-2.0
TSCO,2020-04-23,-2.0
TSCO,2020-07-23,-2.0
TSCO,2021-01-28,1.0
TSCO,2021-04-22,1.0
TSCO,2021-07-19,1.0
TSCO,2021-10-21,1.0
TSCO,2022-04-21,1.0
TSCO,2022-07-21,1.0
TSCO,2022-10-20,1.0
TSCO,2023-01-26,1.0
TSCO,2023-04-27,-2.0
TSCO,2023-07-27,-2.0
TSCO,2023-10-26,1.0
TSN,2019-02-07,-2.0
TSN,2020-05-04,-2.0
TSN,2023-02-06,-2.0
TSN,2023-05-08,-2.0
TSN,2023-08-07,-2.0
TSN,2023-11-13,-2.0
TTWO,2023-05-17,1.0
TXN,2016-01-27,-2.0
TXN,2019-01-23,-2.0
TXN,2019-04-23,-2.0
TXN,2020-01-22,-1.0
TXN,2020-04-22,-1.0
TXN,2021-10-26,2.0
UA,2016-04-21,-1.0
UA,2016-10-25,-1.0
UAL,2015-10-23,-1.0
UAL,2016-01-21,-1.0
UAL,2016-04-21,-1.0
UAL,2019-04-17,-1.0
UAL,2019-10-16,2.0
UAL,2020-05-01,-1.0
UAL,2020-10-15,2.0
UAL,2021-01-21,-1.0
UAL,2021-04-20,-1.0
UAL,2021-07-21,-1.0
UAL,2021-10-20,-1.0
UAL,2022-01-20,-1.0
UAL,2022-04-21,-1.0
UAL,2022-10-19,-1.0
UAL,2023-01-18,2.0
UAL,2023-04-19,-1.0
UAL,2023-07-20,-1.0
UHS,2018-07-26,2.0
UPS,2015-02-03,-1.0
UPS,2015-04-28,-1.0
UPS,2015-10-27,-1.0
UPS,2018-10-24,-1.0
UPS,2019-04-25,-1.0
UPS,2020-07-30,-1.0
UPS,2020-10-28,-1.0
URI,2018-07-19,1.0
USB,2016-04-20,1.0
USB,2018-07-18,-1.0
USB,2018-10-17,-1.0
USB,2022-04-14,-1.0
VFC,2015-05-01,-1.0
VFC,2015-07-24,-1.0
VFC,2015-10-23,-1.0
VFC,2016-02-19,-1.0
VFC,2016-04-29,-1.0
VFC,2019-05-22,2.0
VFC,2021-10-22,2.0
VFC,2022-07-28,-1.0
VMC,2016-02-04,-1.0
VMC,2017-05-07,-1.0
VMC,2018-03-01,-1.0
VMC,2019-05-03,-1.0
VMC,2019-07-25,-1.0
VMC,2020-10-29,-1.0
VMC,2021-02-16,-1.0
VMC,2021-05-04,-2.0
VMC,2021-08-04,-2.0
VMC,2022-11-02,-2.0
VMC,2023-05-04,-2.0
VMC,2023-10-26,-2.0
VNO,2015-02-18,1.0
VNO,2017-02-14,2.0
VNO,2017-08-01,1.0
VNO,2019-04-30,2.0
VNO,2019-07-30,-2.0
VNO,2019-10-29,-2.0
VNO,2020-02-19,-2.0
VNO,2020-05-05,-2.0
VNO,2020-11-04,-2.0
VNO,2021-05-04,-2.0
VNO,2021-11-02,-2.0
VNO,2022-05-03,-2.0
VNO,2022-11-01,-2.0
VNO,2023-02-14,-2.0
VNO,2023-05-02,-2.0
VNO,2023-10-31,-2.0
VRSK,2016-11-02,-2.0
VRSK,2021-02-24,-2.0
VRSK,2023-08-02,2.0
VRTX,2020-01-31,2.0
VRTX,2021-07-29,1.0
VTR,2016-04-29,1.0
VTR,2019-10-25,1.0
VTR,2022-11-04,-2.0
WAT,2015-07-28,1.0
WAT,2015-10-27,1.0
WAT,2016-01-26,1.0
WAT,2016-04-26,1.0
WAT,2016-07-26,1.0
WAT,2016-10-25,1.0
WAT,2017-01-24,1.0
WAT,2017-04-26,1.0
WAT,2017-10-24,1.0
WAT,2018-01-23,-2.0
WAT,2018-10-23,1.0
WAT,2019-04-23,1.0
WAT,2019-10-29,-2.0
WAT,2021-02-02,-2.0
WAT,2021-08-03,-2.0
WAT,2021-11-02,-2.0
WAT,2022-02-01,-2.0
WAT,2022-08-02,-2.0
WAT,2022-11-01,1.0
WAT,2023-05-09,1.0
WAT,2023-08-02,1.0
WAT,2023-11-07,-2.0
WDAY,2019-05-28,1.0
WDAY,2019-12-03,-2.0
WDAY,2020-05-27,-2.0
WDAY,2023-05-25,-2.0
WDAY,2023-08-24,-2.0
WDC,2016-07-28,-2.0
WDC,2016-10-26,-2.0
WDC,2017-01-25,-2.0
WDC,2017-04-27,-2.0
WDC,2017-07-27,-2.0
WDC,2018-01-26,-2.0
WDC,2018-04-26,-2.0
WDC,2018-07-26,-2.0
WDC,2018-10-25,-2.0
WELL,2015-10-30,-2.0
WELL,2017-05-08,2.0
WELL,2022-08-10,2.0
WELL,2023-10-31,2.0
WFC,2016-10-14,-2.0
WFC,2017-04-13,-2.0
WFC,2017-10-13,-2.0
WFC,2018-04-13,-2.0
WFC,2018-10-12,-2.0
WFC,2019-04-12,-2.0
WFC,2019-07-16,-2.0
WFC,2019-10-15,-2.0
WFC,2020-04-14,-2.0
WFC,2020-10-14,-2.0
WFC,2021-01-15,-2.0
WFC,2021-04-14,-2.0
WFC,2021-07-14,-2.0
WFC,2021-10-14,-2.0
WFC,2022-01-14,-2.0
WFC,2022-04-14,-2.0
WFC,2022-10-14,-2.0
WFC,2023-01-13,-2.0
WFC,2023-04-14,-2.0
WFC,2023-10-13,-2.0
WHR,2017-01-26,-2.0
WHR,2020-05-01,2.0
XEL,2016-08-03,-2.0
XOM,2022-10-28,-2.0
XRAY,2020-05-08,-2.0
XRAY,2020-11-05,-2.0
XRAY,2021-03-01,-2.0
XRAY,2023-05-03,-2.0
XYL,2016-08-02,-2.0
XYL,2016-11-01,-2.0
XYL,2017-02-02,-2.0
XYL,2020-05-05,1.0
XYL,2020-07-30,-2.0
XYL,2021-08-03,-2.0
ZBH,2018-01-30,2.0
ZBH,2019-11-05,1.0
ZBH,2020-05-11,2.0
ZBH,2022-02-07,2.0
ZBH,2023-05-02,2.0
ZBRA,2019-04-30,-2.0
ZBRA,2019-07-31,-2.0
ZBRA,2019-10-29,-2.0
ZBRA,2020-02-13,-2.0
ZBRA,2020-04-28,-2.0
ZBRA,2020-07-28,-2.0
ZBRA,2022-05-03,-2.0
ZBRA,2023-05-02,-2.0
ZBRA,2023-10-31,-2.0
ZION,2015-10-19,-2.0
ZION,2016-01-25,-2.0
ZION,2016-04-26,-2.0
ZION,2016-10-25,-2.0
ZION,2017-01-24,-2.0
ZION,2017-04-25,-2.0
ZION,2017-07-25,-2.0
ZION,2017-10-23,-2.0
ZION,2018-04-23,-2.0
ZION,2019-01-22,-2.0
ZION,2019-04-23,-2.0
ZION,2019-07-23,-2.0
ZION,2019-10-22,-2.0
ZION,2020-04-21,-2.0
ZION,2020-07-21,-2.0
ZION,2020-10-20,-2.0
ZION,2021-07-19,1.0
ZION,2021-10-18,-2.0
ZION,2022-01-24,-2.0
ZION,2022-04-25,-2.0
ZION,2022-10-24,1.0
ZION,2023-04-19,-2.0
ZION,2023-07-19,1.0
ZION,2023-10-18,1.0
ZTS,2016-08-03,-2.0
ZTS,2016-11-02,-2.0
ZTS,2017-02-16,-2.0
ZTS,2021-11-04,-2.0
ZTS,2023-05-04,-2.0
